2,8.01819E+17,Thu Nov 24 16:07:03 +0000 2016,JohnGrisham,Super_Tommo,RT @roylmurry425: &gt; @JohnGrisham‚Äôs The Confession #Bookreview https://t.co/S24JnWhZMd https://t.co/aNPnSiHfzJ
2,8.01818E+17,Thu Nov 24 16:02:07 +0000 2016,JohnGrisham,WendyCartmell,RT @roylmurry425: &gt; @JohnGrisham‚Äôs The Confession #Bookreview https://t.co/S24JnWhZMd https://t.co/aNPnSiHfzJ
2,8.01817E+17,Thu Nov 24 15:58:10 +0000 2016,JohnGrisham,davepperlmutter,RT @roylmurry425: &gt; @JohnGrisham‚Äôs The Confession #Bookreview https://t.co/S24JnWhZMd https://t.co/aNPnSiHfzJ
4,8.01814E+17,Thu Nov 24 15:46:42 +0000 2016,JohnGrisham,RTH55555,@JohnGrisham REALLY enjoyed the book. Maybe the best book yet. Congrats on a really great read.
2,8.01809E+17,Thu Nov 24 15:24:45 +0000 2016,JohnGrisham,darla_hogan,RT @roylmurry425: &gt; @JohnGrisham‚Äôs The Confession #Bookreview https://t.co/S24JnWhZMd https://t.co/aNPnSiHfzJ
2,8.01808E+17,Thu Nov 24 15:21:27 +0000 2016,JohnGrisham,DougJCooper,RT @roylmurry425: &gt; @JohnGrisham‚Äôs The Confession #Bookreview https://t.co/S24JnWhZMd https://t.co/aNPnSiHfzJ
2,8.01804E+17,Thu Nov 24 15:07:39 +0000 2016,JohnGrisham,TheMysteryLadie,RT @roylmurry425: &gt; @JohnGrisham‚Äôs The Confession #Bookreview https://t.co/S24JnWhZMd https://t.co/aNPnSiHfzJ
2,8.01804E+17,Thu Nov 24 15:06:49 +0000 2016,JohnGrisham,roylmurry425,&gt; @JohnGrisham‚Äôs The Confession #Bookreview https://t.co/S24JnWhZMd https://t.co/aNPnSiHfzJ
4,8.01782E+17,Thu Nov 24 13:40:09 +0000 2016,JohnGrisham,tuxchewfonz,@JohnGrisham Just finished The Whistler this AM.  I am a HUGE fan of yours and once again you didn't disappoint
4,8.01764E+17,Thu Nov 24 12:26:16 +0000 2016,JohnGrisham,goldinketc,#nowreading an intriguing page turner by @JohnGrisham https://t.co/iRoUsmurdr
2,8.01748E+17,Thu Nov 24 11:23:50 +0000 2016,JohnGrisham,splitpersona91,@Tobey_chi @jessicabfry @JohnGrisham haven't tried any ohers as yet. But I'll keep an eye out for a copy
2,8.01748E+17,Thu Nov 24 11:23:23 +0000 2016,JohnGrisham,fatimabi_kadar,Reading The Chamber by @JohnGrisham
4,8.01731E+17,Thu Nov 24 10:17:00 +0000 2016,JohnGrisham,MyDistUniverse,Listening to The Whistler by @JohnGrisham On @audible_com . So far I really like it a lot!
4,8.01712E+17,Thu Nov 24 08:58:12 +0000 2016,JohnGrisham,OanaLR,Cannot enter because i'm based in the UK but happy to retweet for any @JohnGrisham fans in US and Canada https://t.co/P0iZswpB9Z
4,8.01693E+17,Thu Nov 24 07:42:57 +0000 2016,JohnGrisham,ASykes67,@JohnGrisham just reading Sycamore Row. Brilliant to catch up on previous characters. Hope there's more to come.
4,8.01693E+17,Thu Nov 24 07:42:57 +0000 2016,JohnGrisham,ASykes67,@JohnGrisham just reading Sycamore Row. Brilliant to catch up on previous characters. Hope there's more to come.
0,8.01681E+17,Thu Nov 24 06:56:08 +0000 2016,JohnGrisham,RiverWtf,"When @JohnGrisham had an emotional outburst about politics live w Diane Rehm on @NPR &lt; 

Idk how you disrespect an 80yr old woman.."
4,8.01668E+17,Thu Nov 24 06:04:15 +0000 2016,JohnGrisham,MichelleBovee,"reading 'The Whistler' by @JohnGrisham 
#lovemesomegrisham"
4,8.01665E+17,Thu Nov 24 05:53:01 +0000 2016,JohnGrisham,interdet2000,"@JohnGrisham ""Playing for pizza"": very nice to discover Italy through american eyes!  A different Grisham for an amazing reading."
2,8.01657E+17,Thu Nov 24 05:23:12 +0000 2016,JohnGrisham,BookendsMY,RT @dzu_im: @JohnGrisham @jeffreyarcher01 @02thief @khaledhosseini @paulocoelho https://t.co/GSDQpDyjwa
2,8.01657E+17,Thu Nov 24 05:21:24 +0000 2016,JohnGrisham,dzu_im,@JohnGrisham @jeffreyarcher01 @02thief @khaledhosseini @paulocoelho https://t.co/GSDQpDyjwa
4,8.01597E+17,Thu Nov 24 01:24:21 +0000 2016,JohnGrisham,kimbrlyflorence,Pro tip for those who drive a ton like we do: get @audible_com and listen to old @JohnGrisham novels. Time will fly.
4,8.01586E+17,Thu Nov 24 00:38:52 +0000 2016,JohnGrisham,Tobey_chi,@splitpersona91 @jessicabfry @JohnGrisham Have u read the testament.. another gr8 book
2,8.01579E+17,Thu Nov 24 00:10:42 +0000 2016,JohnGrisham,HollowManSeries,"RT @roylmurry425: RT¬†¬†@JohnGrisham‚Äôs The
Confession #Bookreview https://t.co/S24JnWhZMd https://t.co/wcbVR8lHzM"
2,8.01578E+17,Thu Nov 24 00:07:15 +0000 2016,JohnGrisham,CarlaLobosco,RT @SandraDanby: THE WHISTLER by @JohnGrisham @HodderBooks #books #JudgeForYourself https://t.co/qRSXqeR6p9 https://t.co/V17rU84DT4
2,8.01578E+17,Thu Nov 24 00:06:04 +0000 2016,JohnGrisham,james_minter,RT @SandraDanby: THE WHISTLER by @JohnGrisham @HodderBooks #books #JudgeForYourself https://t.co/qRSXqeR6p9 https://t.co/V17rU84DT4
2,8.01577E+17,Thu Nov 24 00:03:24 +0000 2016,JohnGrisham,SandraDanby,THE WHISTLER by @JohnGrisham @HodderBooks #books #JudgeForYourself https://t.co/qRSXqeR6p9 https://t.co/V17rU84DT4
2,8.01573E+17,Wed Nov 23 23:47:07 +0000 2016,JohnGrisham,roylmurry425,"RT¬†¬†@JohnGrisham‚Äôs The
Confession #Bookreview https://t.co/S24JnWhZMd https://t.co/wcbVR8lHzM"
4,8.01483E+17,Wed Nov 23 17:48:31 +0000 2016,JohnGrisham,thecircledancer,"@thecircledancer also watched 'Rain Maker' last night, a @JohnGrisham adaptation, and fine movie. 

The Law in good hands is a powerful tool"
2,8.01475E+17,Wed Nov 23 17:19:29 +0000 2016,JohnGrisham,kijojax,RT @Benefry: .@JohnGrisham-‚ÄúThe Whistler‚Äù-Bend the Law; Take the Bribe #thriller #politics https://t.co/BjaN4xzt5k https://t.co/SK1QvWdbAw
2,8.01475E+17,Wed Nov 23 17:19:29 +0000 2016,JohnGrisham,kijojax,RT @Benefry: .@JohnGrisham-‚ÄúThe Whistler‚Äù-Bend the Law; Take the Bribe #thriller #politics https://t.co/BjaN4xzt5k https://t.co/SK1QvWdbAw
4,8.01474E+17,Wed Nov 23 17:13:20 +0000 2016,JohnGrisham,EvilVagenda,Finished The Whister by @JohnGrisham - good stuff as always!
4,8.01465E+17,Wed Nov 23 16:38:28 +0000 2016,JohnGrisham,jbianchi91,"@JohnGrisham just got done with the Whistler, great novel, loved the entire book, keep writing."
2,8.01457E+17,Wed Nov 23 16:06:12 +0000 2016,JohnGrisham,MickeyTakeNovel,RT @Benefry: .@JohnGrisham-‚ÄúThe Whistler‚Äù-Bend the Law; Take the Bribe #thriller #politics https://t.co/BjaN4xzt5k https://t.co/SK1QvWdbAw
2,8.01456E+17,Wed Nov 23 16:03:48 +0000 2016,JohnGrisham,SarahEngland16,RT @Benefry: .@JohnGrisham-‚ÄúThe Whistler‚Äù-Bend the Law; Take the Bribe #thriller #politics https://t.co/BjaN4xzt5k https://t.co/SK1QvWdbAw
2,8.01452E+17,Wed Nov 23 15:46:09 +0000 2016,JohnGrisham,Benefry,.@JohnGrisham-‚ÄúThe Whistler‚Äù-Bend the Law; Take the Bribe #thriller #politics https://t.co/BjaN4xzt5k https://t.co/SK1QvWdbAw
2,8.01446E+17,Wed Nov 23 15:24:03 +0000 2016,JohnGrisham,BudWinkle,"RT @JohnGrisham: Departure Boards makes you sweat? Skip the lines, the hassle &amp; the crowds. Curl up with THE WHISTLER &amp; leave the flying to‚Ä¶"
4,8.01437E+17,Wed Nov 23 14:47:23 +0000 2016,JohnGrisham,LuckytheJRT,"What charactrs would u invite to Thanksgivng? 

(Jules Verne's Captain Nemo, @JohnGrisham's Jake Brigance,‚Ä¶ https://t.co/S6veZcAwVF"
2,8.0141E+17,Wed Nov 23 12:59:37 +0000 2016,JohnGrisham,Shefrezaleya,"RT @JohnGrisham: Departure Boards makes you sweat? Skip the lines, the hassle &amp; the crowds. Curl up with THE WHISTLER &amp; leave the flying to‚Ä¶"
2,8.01409E+17,Wed Nov 23 12:57:49 +0000 2016,JohnGrisham,MarkSRPeterson,"RT @JohnGrisham: Departure Boards makes you sweat? Skip the lines, the hassle &amp; the crowds. Curl up with THE WHISTLER &amp; leave the flying to‚Ä¶"
4,8.0134E+17,Wed Nov 23 08:22:49 +0000 2016,JohnGrisham,hussam508154071,"@JohnGrisham great story, thanks John...."
2,8.01301E+17,Wed Nov 23 05:47:06 +0000 2016,JohnGrisham,roylmurry425,"RT¬†¬†@JohnGrisham‚Äôs The
Confession #Bookreview https://t.co/S24JnWhZMd https://t.co/1xjSDbfFwZ"
2,8.01281E+17,Wed Nov 23 04:27:45 +0000 2016,JohnGrisham,holibrandname,I feel like I'm in the middle of a @JohnGrisham novel. But who's the protagonist? https://t.co/11EgVz6aHK
2,8.01264E+17,Wed Nov 23 03:19:43 +0000 2016,JohnGrisham,Aaron2G,@MarisolKZTV currently reading The Street Lawyer by @JohnGrisham
4,8.0126E+17,Wed Nov 23 03:04:53 +0000 2016,JohnGrisham,RyanLaker,@DanRyckert I'm finishing off a @JohnGrisham novel and then diving into your nonsense on Amazon. Looking forward to it.
4,8.0126E+17,Wed Nov 23 03:04:53 +0000 2016,JohnGrisham,RyanLaker,@DanRyckert I'm finishing off a @JohnGrisham novel and then diving into your nonsense on Amazon. Looking forward to it.
2,8.0126E+17,Wed Nov 23 03:04:40 +0000 2016,JohnGrisham,IAmSamPage,"RT @JohnGrisham: Departure Boards makes you sweat? Skip the lines, the hassle &amp; the crowds. Curl up with THE WHISTLER &amp; leave the flying to‚Ä¶"
4,8.01259E+17,Wed Nov 23 03:00:48 +0000 2016,JohnGrisham,tom_iowndoxie2,"@JohnGrisham ""The Whistler""was a great way to to pass time at the airport last weekend. Didn't mind my flight delay."
4,8.01256E+17,Wed Nov 23 02:49:37 +0000 2016,JohnGrisham,KennethEade1,@ManningWolfe @LarryAWinters @JohnGrisham @Connellybooks @DebraHGoldstein Love this kind of lawyer joke
2,8.01234E+17,Wed Nov 23 01:22:34 +0000 2016,JohnGrisham,ClubEcuestreGye,"RT @JohnGrisham: Departure Boards makes you sweat? Skip the lines, the hassle &amp; the crowds. Curl up with THE WHISTLER &amp; leave the flying to‚Ä¶"
2,8.01233E+17,Wed Nov 23 01:16:53 +0000 2016,JohnGrisham,sanpaley,Amo a @JohnGrisham sus libros son geniales!!! #PachaResponde cuando va a nacer Junior??? @AnibalPachanga5  https://t.co/kiVf6jHC1n
2,8.01218E+17,Wed Nov 23 00:15:52 +0000 2016,JohnGrisham,ManningWolfe,"RT @ManningWolfe: Actually, I'm a litigator! ‚öñÔ∏è‚öñÔ∏è‚öñÔ∏è@KennethEade1 @LarryAWinters @JohnGrisham @Connellybooks @DebraHGoldstein https://t.co/z‚Ä¶"
2,8.01208E+17,Tue Nov 22 23:39:07 +0000 2016,JohnGrisham,athenamorgan7,"RT @JohnGrisham: Departure Boards makes you sweat? Skip the lines, the hassle &amp; the crowds. Curl up with THE WHISTLER &amp; leave the flying to‚Ä¶"
2,8.01207E+17,Tue Nov 22 23:35:17 +0000 2016,JohnGrisham,TheBookstoreLLC,"RT @JohnGrisham: Departure Boards makes you sweat? Skip the lines, the hassle &amp; the crowds. Curl up with THE WHISTLER &amp; leave the flying to‚Ä¶"
2,8.01206E+17,Tue Nov 22 23:30:32 +0000 2016,JohnGrisham,HL71,"RT @JohnGrisham: Departure Boards makes you sweat? Skip the lines, the hassle &amp; the crowds. Curl up with THE WHISTLER &amp; leave the flying to‚Ä¶"
2,8.01206E+17,Tue Nov 22 23:28:45 +0000 2016,JohnGrisham,sassymb20,"RT @JohnGrisham: Departure Boards makes you sweat? Skip the lines, the hassle &amp; the crowds. Curl up with THE WHISTLER &amp; leave the flying to‚Ä¶"
0,8.01193E+17,Tue Nov 22 22:36:37 +0000 2016,JohnGrisham,spikey9140,@JohnGrisham Bought my copy today!
2,8.01183E+17,Tue Nov 22 21:56:59 +0000 2016,JohnGrisham,swoliver,"RT @JohnGrisham: Departure Boards makes you sweat? Skip the lines, the hassle &amp; the crowds. Curl up with THE WHISTLER &amp; leave the flying to‚Ä¶"
2,8.01176E+17,Tue Nov 22 21:28:51 +0000 2016,JohnGrisham,weirdabdelal,"RT @JohnGrisham: Departure Boards makes you sweat? Skip the lines, the hassle &amp; the crowds. Curl up with THE WHISTLER &amp; leave the flying to‚Ä¶"
2,8.01174E+17,Tue Nov 22 21:23:47 +0000 2016,JohnGrisham,marloperez,"RT @JohnGrisham: Departure Boards makes you sweat? Skip the lines, the hassle &amp; the crowds. Curl up with THE WHISTLER &amp; leave the flying to‚Ä¶"
2,8.01174E+17,Tue Nov 22 21:23:47 +0000 2016,JohnGrisham,marloperez,"RT @JohnGrisham: Departure Boards makes you sweat? Skip the lines, the hassle &amp; the crowds. Curl up with THE WHISTLER &amp; leave the flying to‚Ä¶"
2,8.01174E+17,Tue Nov 22 21:20:54 +0000 2016,JohnGrisham,roylmurry425,&gt; @JohnGrisham‚Äôs The Confession #Bookreview https://t.co/S24JnW0onD https://t.co/KWen2fYBuR
2,8.01171E+17,Tue Nov 22 21:10:36 +0000 2016,JohnGrisham,LibreriaBeppe,L'informatore di John Grisham @JohnGrisham #libri #thriller @Librimondadori https://t.co/D4q8gCnI3b https://t.co/XvoTlq5jPT
2,8.0117E+17,Tue Nov 22 21:07:47 +0000 2016,JohnGrisham,apachory,"RT @JohnGrisham: Departure Boards makes you sweat? Skip the lines, the hassle &amp; the crowds. Curl up with THE WHISTLER &amp; leave the flying to‚Ä¶"
2,8.01145E+17,Tue Nov 22 19:27:21 +0000 2016,JohnGrisham,ManningWolfe,"Actually, I'm a litigator! ‚öñÔ∏è‚öñÔ∏è‚öñÔ∏è@KennethEade1 @LarryAWinters @JohnGrisham @Connellybooks @DebraHGoldstein https://t.co/z9qkp6vcvV"
2,8.0114E+17,Tue Nov 22 19:07:42 +0000 2016,JohnGrisham,javavicki,"Started reading ""Ford County: Stories"" @JohnGrisham today!"
2,8.01139E+17,Tue Nov 22 19:04:22 +0000 2016,JohnGrisham,bijerto_,@JohnGrisham said the unbiased observer
2,8.01096E+17,Tue Nov 22 16:12:38 +0000 2016,JohnGrisham,Litserendipity,"RT @JohnGrisham: In striking white, here's @HodderBooks' gorgeous edition of THE WHISTLER. So proud to say it's #1 in South Africa, Austral‚Ä¶"
4,8.00997E+17,Tue Nov 22 09:37:23 +0000 2016,JohnGrisham,Prashanth021996,@JohnGrisham A Time To Kill. The very first sentence of the John Grisham masterpiece
2,8.0095E+17,Tue Nov 22 06:30:25 +0000 2016,JohnGrisham,awbruna,RT @biebmiepje: #RemcoLeest: De Klokkenluider ‚Äì  @JohnGrisham @awbruna @LiseNotenboom @Hausel @Remco_1981 https://t.co/liuyC4EKwN‚Ä¶
2,8.00928E+17,Tue Nov 22 05:05:23 +0000 2016,JohnGrisham,Remco_1981,RT @biebmiepje: #RemcoLeest: De Klokkenluider ‚Äì  @JohnGrisham @awbruna @LiseNotenboom @Hausel @Remco_1981 https://t.co/liuyC4EKwN‚Ä¶
2,8.00927E+17,Tue Nov 22 05:02:00 +0000 2016,JohnGrisham,biebmiepje,#RemcoLeest: De Klokkenluider ‚Äì  @JohnGrisham @awbruna @LiseNotenboom @Hausel @Remco_1981 https://t.co/liuyC4EKwN‚Ä¶
4,8.00924E+17,Tue Nov 22 04:49:37 +0000 2016,JohnGrisham,lanalynneauthor,RT @JohnGrisham: It was beautiful out there today - perfect for reading! https://t.co/PstK1grnIs
2,8.00922E+17,Tue Nov 22 04:39:42 +0000 2016,JohnGrisham,SektorSewe,"RT @JohnGrisham: In striking white, here's @HodderBooks' gorgeous edition of THE WHISTLER. So proud to say it's #1 in South Africa, Austral‚Ä¶"
2,8.00922E+17,Tue Nov 22 04:39:13 +0000 2016,JohnGrisham,shellandjeff,RT @JohnGrisham: It was beautiful out there today - perfect for reading! https://t.co/PstK1grnIs
2,8.00922E+17,Tue Nov 22 04:39:13 +0000 2016,JohnGrisham,shellandjeff,RT @JohnGrisham: It was beautiful out there today - perfect for reading! https://t.co/PstK1grnIs
4,8.00922E+17,Tue Nov 22 04:39:05 +0000 2016,JohnGrisham,shellandjeff,"RT @JohnGrisham: Always, each and every time, good to chat with Diane Rehm &gt; https://t.co/WG202ZYpQm https://t.co/xbe0gCQo7I"
2,8.00921E+17,Tue Nov 22 04:39:00 +0000 2016,JohnGrisham,shellandjeff,"RT @JohnGrisham: In striking white, here's @HodderBooks' gorgeous edition of THE WHISTLER. So proud to say it's #1 in South Africa, Austral‚Ä¶"
2,8.00921E+17,Tue Nov 22 04:35:35 +0000 2016,JohnGrisham,su_z_t,@JohnGrisham story different names/same character sit. where entering prez has 2 put $ in blind trust which gets heisted by IRS and redistri
2,8.0092E+17,Tue Nov 22 04:31:54 +0000 2016,JohnGrisham,su_z_t,@BWilliams who are Rump's lawyers?  At least one or two must be human rights sympathizers....c'mon....i shall tweet @JohnGrisham next
2,8.00912E+17,Tue Nov 22 04:02:40 +0000 2016,JohnGrisham,Joanne_Resnick,RT @JohnGrisham: Read Chapter 2 of THE WHISTLER right now!  Only on @EW https://t.co/FtGipQTU5n
4,8.00895E+17,Tue Nov 22 02:55:07 +0000 2016,JohnGrisham,jeffdaile57,Great @JohnGrisham book https://t.co/2cA0nvNoZJ
4,8.0088E+17,Tue Nov 22 01:55:30 +0000 2016,JohnGrisham,Tayug,"@JohnGrisham have now finished The Whistler, another good read, when is the next one due?"
2,8.0082E+17,Mon Nov 21 21:56:54 +0000 2016,JohnGrisham,claudia_llorens,"RT @TroaLibrerias: El libro de la semana, 'Un abogado rebelde' de @JohnGrisham: Rudd es un profesional sin escr√∫pulos cuyos clientes suelen‚Ä¶"
4,8.00791E+17,Mon Nov 21 20:00:06 +0000 2016,JohnGrisham,IndianolaPubLib,There are lots of twists and turns in the latest @JohnGrisham legal thriller! #IPLGoodReads https://t.co/7hOKjETtgt https://t.co/zBO74edtmp
2,8.00758E+17,Mon Nov 21 17:48:25 +0000 2016,JohnGrisham,RTLibros,"RT @TroaLibrerias: El libro de la semana, 'Un abogado rebelde' de @JohnGrisham: Rudd es un profesional sin escr√∫pulos cuyos clientes suelen‚Ä¶"
2,8.00746E+17,Mon Nov 21 17:02:13 +0000 2016,JohnGrisham,mastroiani,"RT @TroaLibrerias: El libro de la semana, 'Un abogado rebelde' de @JohnGrisham: Rudd es un profesional sin escr√∫pulos cuyos clientes suelen‚Ä¶"
2,8.00746E+17,Mon Nov 21 17:01:41 +0000 2016,JohnGrisham,juanjosebolivia,"RT @TroaLibrerias: El libro de la semana, 'Un abogado rebelde' de @JohnGrisham: Rudd es un profesional sin escr√∫pulos cuyos clientes suelen‚Ä¶"
2,8.00746E+17,Mon Nov 21 17:01:16 +0000 2016,JohnGrisham,TroaLibrerias,"El libro de la semana, 'Un abogado rebelde' de @JohnGrisham: Rudd es un profesional sin escr√∫pulos cuyos clientes s‚Ä¶ https://t.co/j0vAizzIpt"
4,8.00743E+17,Mon Nov 21 16:51:18 +0000 2016,JohnGrisham,suspensethrill,@The_BLB_blog @cluesandreviews @JohnGrisham I'm so glad I found you on here! Or that you found me! üòÇ
4,8.00743E+17,Mon Nov 21 16:51:18 +0000 2016,JohnGrisham,suspensethrill,@The_BLB_blog @cluesandreviews @JohnGrisham I'm so glad I found you on here! Or that you found me! üòÇ
4,8.00743E+17,Mon Nov 21 16:50:13 +0000 2016,JohnGrisham,The_BLB_blog,@suspensethrill @cluesandreviews @JohnGrisham Omg YAY two of my favorite people!!
2,8.00736E+17,Mon Nov 21 16:21:01 +0000 2016,JohnGrisham,AIVMI,"RT @roylmurry425: RT¬†¬†@JohnGrisham‚Äôs The
Confession #Bookreview https://t.co/S24JnW0onD https://t.co/2ZItZtntEA"
4,8.00705E+17,Mon Nov 21 14:16:54 +0000 2016,JohnGrisham,Wondaz1,"@JohnGrisham @HodderBooks Cool 2 find out SA can also humble their focus, i hope it creates a peaceful individual also"
2,8.00683E+17,Mon Nov 21 12:51:37 +0000 2016,JohnGrisham,suspensethrill,Congrats @cluesandreviews you won the copy of @JohnGrisham 'a #TheWhistler üéâüëèüèºüéâüëèüèº Please DM me with your mailing ad‚Ä¶ https://t.co/WiOm9zi25v
4,8.00647E+17,Mon Nov 21 10:27:57 +0000 2016,JohnGrisham,mrbaxteria,"Just finished reading ""The Whistler"" by @johngrisham. Such a good book!"
4,8.00643E+17,Mon Nov 21 10:10:25 +0000 2016,JohnGrisham,gabrielschain,@JohnGrisham #roguelawyer was absolutely fantastic! Read some reviews which didn't give enough credit! Couldn't put it down #PageTurner
2,8.00633E+17,Mon Nov 21 09:30:56 +0000 2016,JohnGrisham,landmarkstores,"Grab the most electrifying novel of the year- 'The Whistler' by @JohnGrisham
Now, available at Landmark! #BookOfTheWeek"
2,8.00622E+17,Mon Nov 21 08:47:05 +0000 2016,JohnGrisham,roylmurry425,"RT¬†¬†@JohnGrisham‚Äôs The
Confession #Bookreview https://t.co/S24JnW0onD https://t.co/2ZItZtntEA"
2,8.00566E+17,Mon Nov 21 05:06:48 +0000 2016,JohnGrisham,LyndaMFiller,RT @JohnGrisham: It was beautiful out there today - perfect for reading! https://t.co/PstK1grnIs
2,8.00566E+17,Mon Nov 21 05:06:39 +0000 2016,JohnGrisham,LyndaMFiller,"RT @JohnGrisham: In striking white, here's @HodderBooks' gorgeous edition of THE WHISTLER. So proud to say it's #1 in South Africa, Austral‚Ä¶"
2,8.0056E+17,Mon Nov 21 04:43:39 +0000 2016,JohnGrisham,dzu_im,Hot boring day..i haf 1 @JohnGrisham book to read.. The rogue lawyer..
2,8.00537E+17,Mon Nov 21 03:10:15 +0000 2016,JohnGrisham,SvvanIsNovember,@LorettaLynch @fema @JohnGrisham @ACLU @AmblinEnt @FBIPhoenix @TVFR @20thcenturyfox @MPSSpecials @EUKommWien https://t.co/qUXmFVVXa9
2,8.00534E+17,Mon Nov 21 03:00:09 +0000 2016,JohnGrisham,SvvanIsNovember,@azcentral @fema @JohnGrisham @ACLU @AmblinEnt @FBIPhoenix @TVFR @20thcenturyfox @MPSSpecials @EUKommWien‚Ä¶ https://t.co/040A5HsGgT
2,8.0053E+17,Mon Nov 21 02:43:32 +0000 2016,JohnGrisham,SvvanIsNovember,@azcentral @fema @JohnGrisham @ACLU @AmblinEnt @FBIPhoenix @TVFR @20thcenturyfox @MPSSpecials @EUKommWien don't say‚Ä¶ https://t.co/QDvFC2vRmU
2,8.0053E+17,Mon Nov 21 02:43:32 +0000 2016,JohnGrisham,SvvanIsNovember,@azcentral @fema @JohnGrisham @ACLU @AmblinEnt @FBIPhoenix @TVFR @20thcenturyfox @MPSSpecials @EUKommWien don't say‚Ä¶ https://t.co/QDvFC2vRmU
2,8.00528E+17,Mon Nov 21 02:34:14 +0000 2016,JohnGrisham,SvvanIsNovember,@azcentral @fema @JohnGrisham @ACLU @AmblinEnt @FBIPhoenix @TVFR @20thcenturyfox @MPSSpecials #trademark
2,8.00527E+17,Mon Nov 21 02:30:07 +0000 2016,JohnGrisham,SvvanIsNovember,@azcentral @fema @JohnGrisham @ACLU @AmblinEnt @FBIPhoenix @TVFR @20thcenturyfox real lavv enforcement doesn't trea‚Ä¶ https://t.co/YbVo8MwK8u
2,8.00525E+17,Mon Nov 21 02:24:52 +0000 2016,JohnGrisham,SvvanIsNovember,@azcentral @fema @JohnGrisham @ACLU @AmblinEnt @FBIPhoenix @WCSheriff @TheJusticeDept @TVFR @Ruptly‚Ä¶ https://t.co/WLqDkvfP7r
2,8.00525E+17,Mon Nov 21 02:23:24 +0000 2016,JohnGrisham,SvvanIsNovember,@azcentral @fema @JohnGrisham @ACLU @AmblinEnt @FBIPhoenix @WCSheriff @TheJusticeDept @TVFR @Ruptly‚Ä¶ https://t.co/6VhpHbJ3Pe
2,8.00525E+17,Mon Nov 21 02:21:39 +0000 2016,JohnGrisham,SvvanIsNovember,"@azcentral @fema @JohnGrisham @ACLU @AmblinEnt @FBIPhoenix @WCSheriff @TheJusticeDept @TVFR @Ruptly 'fvnny', they'v‚Ä¶ https://t.co/5fAdZTPBHd"
2,8.00522E+17,Mon Nov 21 02:11:30 +0000 2016,JohnGrisham,SvvanIsNovember,@azcentral @fema @JohnGrisham @ACLU @AmblinEnt @FBIPhoenix @WCSheriff @TheJusticeDept @TVFR @Ruptly @FCC don't expe‚Ä¶ https://t.co/yb1zTLVf5E
2,8.00522E+17,Mon Nov 21 02:10:19 +0000 2016,JohnGrisham,SvvanIsNovember,@arizonanews2 @azcentral @fema @JohnGrisham @ACLU @AmblinEnt @FBIPhoenix https://t.co/rDvcyJbEo1
2,8.00521E+17,Mon Nov 21 02:08:54 +0000 2016,JohnGrisham,SvvanIsNovember,@arizonanews2 @azcentral @fema @JohnGrisham @ACLU @AmblinEnt @FBIPhoenix 'obligatory non-transparency' #dveprocess
2,8.00521E+17,Mon Nov 21 02:05:55 +0000 2016,JohnGrisham,SvvanIsNovember,@arizonanews2 @azcentral @fema @JohnGrisham @ACLU @AmblinEnt @FBIPhoenix #theyhavenotcomevpvvithoneIcannotcvtthrovgh https://t.co/qulpGprLoQ
2,8.0052E+17,Mon Nov 21 02:02:55 +0000 2016,JohnGrisham,SvvanIsNovember,@arizonanews2 @azcentral @fema @JohnGrisham @ACLU @AmblinEnt 'torn apart at their fibers like a blve vvall being shred'
2,8.0052E+17,Mon Nov 21 02:01:55 +0000 2016,JohnGrisham,SvvanIsNovember,"@arizonanews2 @azcentral @fema @JohnGrisham @ACLU @AmblinEnt vvhat expectations of 'transparency' do they have?, th‚Ä¶ https://t.co/tFJWlcWHwB"
2,8.00519E+17,Mon Nov 21 02:00:00 +0000 2016,JohnGrisham,SvvanIsNovember,@arizonanews2 @azcentral @fema @JohnGrisham can Flagstaff PD back vp their ovvn expectations?
2,8.00489E+17,Sun Nov 20 23:58:31 +0000 2016,JohnGrisham,andygmz2000,"RT @roylmurry425: RT¬†¬†@JohnGrisham‚Äôs The
Confession #Bookreview https://t.co/S24JnWhZMd https://t.co/MzGQyykYLG"
2,8.00486E+17,Sun Nov 20 23:47:59 +0000 2016,JohnGrisham,QuibellPaul,"RT @roylmurry425: RT¬†¬†@JohnGrisham‚Äôs The
Confession #Bookreview https://t.co/S24JnWhZMd https://t.co/MzGQyykYLG"
2,8.00486E+17,Sun Nov 20 23:47:59 +0000 2016,JohnGrisham,QuibellPaul,"RT @roylmurry425: RT¬†¬†@JohnGrisham‚Äôs The
Confession #Bookreview https://t.co/S24JnWhZMd https://t.co/MzGQyykYLG"
2,8.00486E+17,Sun Nov 20 23:47:04 +0000 2016,JohnGrisham,roylmurry425,"RT¬†¬†@JohnGrisham‚Äôs The
Confession #Bookreview https://t.co/S24JnWhZMd https://t.co/MzGQyykYLG"
2,8.00477E+17,Sun Nov 20 23:14:41 +0000 2016,JohnGrisham,BjsReviews,"4 ""A Casino, Mobsters &amp; A Corrupt Judge"" Stars! @JohnGrisham @penguinrandom Review: The Whistler by John ... -‚Ä¶ https://t.co/djZF9Xw03G"
2,8.00462E+17,Sun Nov 20 22:14:29 +0000 2016,JohnGrisham,MidnightRider__,Gray Mountain @JohnGrisham https://t.co/BTGRR4OAg7
4,8.00453E+17,Sun Nov 20 21:38:01 +0000 2016,JohnGrisham,ChiTribBooks,Author @JohnGrisham puts a fresh twist on his latest legal thriller https://t.co/mEZiTkNTUH https://t.co/osbCt8IYLj
2,8.00453E+17,Sun Nov 20 21:37:05 +0000 2016,JohnGrisham,ceesvanr,"RECENSIE 'De klokkenluider' van @JohnGrisham , @awbruna op https://t.co/Bp3BnrH1U1 https://t.co/4JfLY8TU6r"
4,8.00423E+17,Sun Nov 20 19:39:16 +0000 2016,JohnGrisham,pdeblassieiii,RT @bookwormtonight: .@JohnGrisham's #novel THE WHISTLER is IT! @penguinrandom best legal #thriller new post #bookwormingtonight https://t.‚Ä¶
4,8.00423E+17,Sun Nov 20 19:37:11 +0000 2016,JohnGrisham,adventurewmike,RT @bookwormtonight: .@JohnGrisham's #novel THE WHISTLER is IT! @penguinrandom best legal #thriller new post #bookwormingtonight https://t.‚Ä¶
4,8.00421E+17,Sun Nov 20 19:29:34 +0000 2016,JohnGrisham,bookwormtonight,.@JohnGrisham's #novel THE WHISTLER is IT! @penguinrandom best legal #thriller new post #bookwormingtonight‚Ä¶ https://t.co/AsoTxugQYE
4,8.0038E+17,Sun Nov 20 16:47:45 +0000 2016,JohnGrisham,pooja_ppm,@goodreads Mississippi 1970 #TheLastJuror  @JohnGrisham
4,8.00373E+17,Sun Nov 20 16:20:45 +0000 2016,JohnGrisham,JaxHough77,"No telly, so reading @JohnGrisham #TheConfession - thoroughly enjoying it.
#SundayBliss"
4,8.00369E+17,Sun Nov 20 16:04:05 +0000 2016,JohnGrisham,cocoprincess805,RT @PlaysterMedia: .@JohnGrisham's electrifying novel is a high-stakes thrill ride through the darkest corners of Florida: https://t.co/nYK‚Ä¶
2,8.00369E+17,Sun Nov 20 16:01:54 +0000 2016,JohnGrisham,roylmurry425,&gt; @JohnGrisham‚Äôs The Confession #Bookreview https://t.co/S24JnWhZMd https://t.co/PxuBp72PSh
4,8.00356E+17,Sun Nov 20 15:10:17 +0000 2016,JohnGrisham,wcgirl1,RT @annemck653: What? I didn't realize @JohnGrisham had new book out! Where have I been?! Cancel housework immediately. #Read! https://t.co‚Ä¶
4,8.00355E+17,Sun Nov 20 15:09:53 +0000 2016,JohnGrisham,annemck653,What? I didn't realize @JohnGrisham had new book out! Where have I been?! Cancel housework immediately. #Read! https://t.co/0s1AlCenPI
4,8.00355E+17,Sun Nov 20 15:09:53 +0000 2016,JohnGrisham,annemck653,What? I didn't realize @JohnGrisham had new book out! Where have I been?! Cancel housework immediately. #Read! https://t.co/0s1AlCenPI
2,8.0035E+17,Sun Nov 20 14:47:05 +0000 2016,JohnGrisham,roylmurry425,"RT¬†¬†@JohnGrisham‚Äôs The
Confession #Bookreview https://t.co/S24JnWhZMd https://t.co/nqGkQCYwGV"
2,8.0035E+17,Sun Nov 20 14:46:17 +0000 2016,JohnGrisham,lbrodinsky,RT @sites0512org: Quote from US #lawfirm partner pal of JDHQ ‚Äì ‚ÄúAmerican politics is turning into one great big @JohnGrisham novel‚Äù‚Ä¶ https:‚Ä¶
2,8.00346E+17,Sun Nov 20 14:32:59 +0000 2016,JohnGrisham,margeangelo,"RT @JohnGrisham: In striking white, here's @HodderBooks' gorgeous edition of THE WHISTLER. So proud to say it's #1 in South Africa, Austral‚Ä¶"
2,8.00346E+17,Sun Nov 20 14:31:24 +0000 2016,JohnGrisham,FranQuattri,"RT @JohnGrisham: In striking white, here's @HodderBooks' gorgeous edition of THE WHISTLER. So proud to say it's #1 in South Africa, Austral‚Ä¶"
4,8.00345E+17,Sun Nov 20 14:30:05 +0000 2016,JohnGrisham,Ashererik1,RT @JohnGrisham: This one combines a few of my interests into one of the more unusual titles in my catalog #namethatbook #johngrisham https‚Ä¶
4,8.00328E+17,Sun Nov 20 13:20:47 +0000 2016,JohnGrisham,sites0512org,Quote from US #lawfirm partner pal of JDHQ ‚Äì ‚ÄúAmerican politics is turning into one great big @JohnGrisham novel‚Äù‚Ä¶ https://t.co/rwaw2MgIJi
4,8.00316E+17,Sun Nov 20 12:32:54 +0000 2016,JohnGrisham,FloydBaker11,"Just finished Reading @JohnGrisham's New book, rogue lawyer. Great book! Recommend everyone Reading it."
4,8.00244E+17,Sun Nov 20 07:46:33 +0000 2016,JohnGrisham,ericaalyce24,@JohnGrisham I love your books so much I wish I could get them for free somehow. I can even do a YouTube review on them.
4,8.00237E+17,Sun Nov 20 07:17:04 +0000 2016,JohnGrisham,mikebickel77,What a great follow up to A Time to Kill. I can't put this book down @OliverPlatt is still Harry Rex Vonner to me #SycamoreRow @JohnGrisham
2,8.00214E+17,Sun Nov 20 05:47:07 +0000 2016,JohnGrisham,roylmurry425,"RT¬†¬†@JohnGrisham‚Äôs The
Confession #Bookreview https://t.co/S24JnWhZMd https://t.co/ZOqi7F4P4n"
4,8.00187E+17,Sun Nov 20 03:58:33 +0000 2016,JohnGrisham,Louie80728257,"@JohnGrisham  Great read, Mr Grisham. My only regret was when I finished it and had to find another book!  Keep up the great work!  Thanks."
2,8.00186E+17,Sun Nov 20 03:56:13 +0000 2016,JohnGrisham,Louie80728257,"RT @JohnGrisham: In striking white, here's @HodderBooks' gorgeous edition of THE WHISTLER. So proud to say it's #1 in South Africa, Austral‚Ä¶"
4,8.00128E+17,Sun Nov 20 00:07:24 +0000 2016,JohnGrisham,EmilyDCarpenter,@ShannonCKirk @JohnGrisham @PublishersWkly @oceanviewpub YEEEEESSSSS
2,8.00118E+17,Sat Nov 19 23:24:17 +0000 2016,JohnGrisham,cherrymischivus,RT @roylmurry425: &gt; @JohnGrisham‚Äôs The Confession #Bookreview https://t.co/S24JnWhZMd https://t.co/ZwLHxcyj4l
2,8.00118E+17,Sat Nov 19 23:24:17 +0000 2016,JohnGrisham,cherrymischivus,RT @roylmurry425: &gt; @JohnGrisham‚Äôs The Confession #Bookreview https://t.co/S24JnWhZMd https://t.co/ZwLHxcyj4l
4,8.00112E+17,Sat Nov 19 23:00:54 +0000 2016,JohnGrisham,PlaysterMedia,.@JohnGrisham's electrifying novel is a high-stakes thrill ride through the darkest corners of Florida:‚Ä¶ https://t.co/jTDIBa3HXs
2,8.00096E+17,Sat Nov 19 22:00:10 +0000 2016,JohnGrisham,AdictosalCrimen,RT @HeraldodelHenar: . @LitRandomHouse Plaza y Jan√©s presenta la √∫ltima novela de @JohnGrisham Un abogado rebelde https://t.co/UHalMqMpgI
4,8.00092E+17,Sat Nov 19 21:43:09 +0000 2016,JohnGrisham,Author_Guide,"RT @ShannonCKirk: Pretty damn thrilled to be in a top ten list with Lee Child, @JohnGrisham, et al. @PublishersWkly @oceanviewpub https://t‚Ä¶"
4,8.0009E+17,Sat Nov 19 21:35:41 +0000 2016,JohnGrisham,ShannonCKirk,"Pretty damn thrilled to be in a top ten list with Lee Child, @JohnGrisham, et al. @PublishersWkly @oceanviewpub https://t.co/X5e99MXiHe"
2,8.00084E+17,Sat Nov 19 21:09:10 +0000 2016,JohnGrisham,StuartFawcett1,RT @roylmurry425: &gt; @JohnGrisham‚Äôs The Confession #Bookreview https://t.co/S24JnWhZMd https://t.co/ZwLHxcyj4l
2,8.00083E+17,Sat Nov 19 21:08:09 +0000 2016,JohnGrisham,roylmurry425,&gt; @JohnGrisham‚Äôs The Confession #Bookreview https://t.co/S24JnWhZMd https://t.co/ZwLHxcyj4l
2,8.00078E+17,Sat Nov 19 20:47:06 +0000 2016,JohnGrisham,roylmurry425,"RT¬†¬†@JohnGrisham‚Äôs The
Confession #Bookreview https://t.co/S24JnWhZMd https://t.co/wXeGSwXPAI"
0,8.00031E+17,Sat Nov 19 17:39:53 +0000 2016,JohnGrisham,Duncc44,"@JohnGrisham.  ""The Whistler"" Confused... No Duval St in Key Largo; no mention ofKey West?"
4,8.00028E+17,Sat Nov 19 17:27:01 +0000 2016,JohnGrisham,dennis_roaten,"@JohnGrisham

I plan to read all of your books. I met you at Tueplo in 2002."
4,8.00027E+17,Sat Nov 19 17:25:58 +0000 2016,JohnGrisham,dennis_roaten,"@JohnGrisham

I have reading biographies for years. I just read Ford County. Very engaging and delightful stories."
4,8.0001E+17,Sat Nov 19 16:18:53 +0000 2016,JohnGrisham,BibliophileBC,@nholten40 @LeeChildReacher @JohnGrisham @jk_rowling Always! #booklove doesn't die ‚ù§Ô∏èüìö
4,8.00009E+17,Sat Nov 19 16:13:31 +0000 2016,JohnGrisham,nholten40,"@BibliophileBC @LeeChildReacher @JohnGrisham @jk_rowling Excellent choices!  Even in a slump, it all #AllAboutTheBooks!  Love it! x"
2,8.00001E+17,Sat Nov 19 15:43:05 +0000 2016,JohnGrisham,APEDOYvon,"RT @JohnGrisham: In striking white, here's @HodderBooks' gorgeous edition of THE WHISTLER. So proud to say it's #1 in South Africa, Austral‚Ä¶"
2,7.99986E+17,Sat Nov 19 14:40:30 +0000 2016,JohnGrisham,bellemf08,"RT @JohnGrisham: In striking white, here's @HodderBooks' gorgeous edition of THE WHISTLER. So proud to say it's #1 in South Africa, Austral‚Ä¶"
2,7.99986E+17,Sat Nov 19 14:40:30 +0000 2016,JohnGrisham,bellemf08,"RT @JohnGrisham: In striking white, here's @HodderBooks' gorgeous edition of THE WHISTLER. So proud to say it's #1 in South Africa, Austral‚Ä¶"
4,7.99967E+17,Sat Nov 19 13:27:38 +0000 2016,JohnGrisham,BibliophileBC,I may be in a reading slump but I can't say no to @LeeChildReacher @JohnGrisham or @jk_rowling üòçüôåüèºüìö https://t.co/FovsQzJJrs
2,7.99943E+17,Sat Nov 19 11:52:34 +0000 2016,JohnGrisham,AgusGimenez52,"RT @JohnGrisham: In striking white, here's @HodderBooks' gorgeous edition of THE WHISTLER. So proud to say it's #1 in South Africa, Austral‚Ä¶"
2,7.99942E+17,Sat Nov 19 11:47:07 +0000 2016,JohnGrisham,roylmurry425,"RT¬†¬†@JohnGrisham‚Äôs The
Confession #Bookreview https://t.co/S24JnW0onD https://t.co/vHsrUHKTZs"
2,7.99928E+17,Sat Nov 19 10:50:27 +0000 2016,JohnGrisham,jeSuis_noir,"RT @JohnGrisham: In striking white, here's @HodderBooks' gorgeous edition of THE WHISTLER. So proud to say it's #1 in South Africa, Austral‚Ä¶"
4,7.99897E+17,Sat Nov 19 08:49:42 +0000 2016,JohnGrisham,legal_directory,"RT @jandersdean: Quote from US #lawfirm partner pal of JDHQ - ""American politics is turning into one great big @JohnGrisham novel"""
4,7.99883E+17,Sat Nov 19 07:52:13 +0000 2016,JohnGrisham,lbrodinsky,"RT @jandersdean: Quote from US #lawfirm partner pal of JDHQ - ""American politics is turning into one great big @JohnGrisham novel"""
4,7.99882E+17,Sat Nov 19 07:49:24 +0000 2016,JohnGrisham,jandersdean,"Quote from US #lawfirm partner pal of JDHQ - ""American politics is turning into one great big @JohnGrisham novel"""
4,7.99869E+17,Sat Nov 19 06:58:07 +0000 2016,JohnGrisham,LewatleO,#ImAlwaysOkWith any @davidbaldacci and @JohnGrisham novel..
2,7.99846E+17,Sat Nov 19 05:27:17 +0000 2016,JohnGrisham,misery2814,"RT @JohnGrisham: In striking white, here's @HodderBooks' gorgeous edition of THE WHISTLER. So proud to say it's #1 in South Africa, Austral‚Ä¶"
2,7.99846E+17,Sat Nov 19 05:24:46 +0000 2016,JohnGrisham,goatlique_,RT @JohnGrisham: It was beautiful out there today - perfect for reading! https://t.co/PstK1grnIs
2,7.99841E+17,Sat Nov 19 05:05:59 +0000 2016,JohnGrisham,Yaomangles88,"RT @JohnGrisham: In striking white, here's @HodderBooks' gorgeous edition of THE WHISTLER. So proud to say it's #1 in South Africa, Austral‚Ä¶"
4,7.99839E+17,Sat Nov 19 04:58:32 +0000 2016,JohnGrisham,su_z_t,"@JohnGrisham can't wait 2 read it...abuse of authority important subject these days.  P.A. Steve Tauzer murderer was cop, only did 7 yrs."
4,7.99838E+17,Sat Nov 19 04:54:59 +0000 2016,JohnGrisham,su_z_t,@JohnGrisham my favorite book of all time is Street Lawyer.In these times I look toward u 4 sum truthiness. Esq Steve Tauzer killed by cop..
2,7.99833E+17,Sat Nov 19 04:32:17 +0000 2016,JohnGrisham,arroyo_raul,Soy abogado y estoy en la c√°rcel. Es largo de contar: @JohnGrisham inicia as√≠ esta novela. @megustaleermex‚Ä¶ https://t.co/Gjfm4Nq2LT
2,7.99833E+17,Sat Nov 19 04:32:17 +0000 2016,JohnGrisham,arroyo_raul,Soy abogado y estoy en la c√°rcel. Es largo de contar: @JohnGrisham inicia as√≠ esta novela. @megustaleermex‚Ä¶ https://t.co/Gjfm4Nq2LT
4,7.99813E+17,Sat Nov 19 03:14:38 +0000 2016,JohnGrisham,bedoyas,@JohnGrisham just finished The Whistler! What a rush. Now I have to wait a yearüôÅ
2,7.99808E+17,Sat Nov 19 02:52:28 +0000 2016,JohnGrisham,Sushant2392,"RT @JohnGrisham: In striking white, here's @HodderBooks' gorgeous edition of THE WHISTLER. So proud to say it's #1 in South Africa, Austral‚Ä¶"
2,7.99806E+17,Sat Nov 19 02:47:06 +0000 2016,JohnGrisham,roylmurry425,"RT¬†¬†@JohnGrisham‚Äôs The
Confession #Bookreview https://t.co/S24JnWhZMd https://t.co/PrI6RjvrZz"
2,7.99759E+17,Fri Nov 18 23:41:19 +0000 2016,JohnGrisham,DoubleDamage40,"RT @JohnGrisham: In striking white, here's @HodderBooks' gorgeous edition of THE WHISTLER. So proud to say it's #1 in South Africa, Austral‚Ä¶"
2,7.99754E+17,Fri Nov 18 23:20:58 +0000 2016,JohnGrisham,HeraldodelHenar,. @LitRandomHouse Plaza y Jan√©s presenta la √∫ltima novela de @JohnGrisham Un abogado rebelde https://t.co/UHalMqMpgI
4,7.9974E+17,Fri Nov 18 22:25:57 +0000 2016,JohnGrisham,Finallyfoundme,@JohnGrisham ..It's always beautiful to read you..Love u Grisham..
2,7.99738E+17,Fri Nov 18 22:14:40 +0000 2016,JohnGrisham,SachaLanvin,"RT @JohnGrisham: In striking white, here's @HodderBooks' gorgeous edition of THE WHISTLER. So proud to say it's #1 in South Africa, Austral‚Ä¶"
2,7.99735E+17,Fri Nov 18 22:03:49 +0000 2016,JohnGrisham,TheBookstoreLLC,"RT @JohnGrisham: In striking white, here's @HodderBooks' gorgeous edition of THE WHISTLER. So proud to say it's #1 in South Africa, Austral‚Ä¶"
2,7.9973E+17,Fri Nov 18 21:45:40 +0000 2016,JohnGrisham,ZNaumovic,"RT @JohnGrisham: In striking white, here's @HodderBooks' gorgeous edition of THE WHISTLER. So proud to say it's #1 in South Africa, Austral‚Ä¶"
2,7.9973E+17,Fri Nov 18 21:43:28 +0000 2016,JohnGrisham,liachristo,"[LAN√áAMENTO] Novo sucesso de @JohnGrisham pela @editorarocco 
Mais um sucesso do escritor em Novembro.‚Ä¶ https://t.co/x15aYPHQCM"
2,7.99728E+17,Fri Nov 18 21:38:06 +0000 2016,JohnGrisham,fire_blood_21,RT @JohnGrisham: It was beautiful out there today - perfect for reading! https://t.co/PstK1grnIs
4,7.99727E+17,Fri Nov 18 21:34:23 +0000 2016,JohnGrisham,Tafdon_,"RT @JohnGrisham: In striking white, here's @HodderBooks' gorgeous edition of THE WHISTLER. So proud to say it's #1 in South Africa, Austral‚Ä¶"
4,7.99727E+17,Fri Nov 18 21:33:54 +0000 2016,JohnGrisham,I_AM_Futuristic,"RT @JohnGrisham: In striking white, here's @HodderBooks' gorgeous edition of THE WHISTLER. So proud to say it's #1 in South Africa, Austral‚Ä¶"
4,7.99727E+17,Fri Nov 18 21:31:46 +0000 2016,JohnGrisham,Clemtheo,"RT @JohnGrisham: Thank you readers &amp; booksellers! I wrote A TIME TO KILL 30 years ago with no illusions of bestsellerdom. Even now, I'm sti‚Ä¶"
4,7.99727E+17,Fri Nov 18 21:31:46 +0000 2016,JohnGrisham,Clemtheo,"RT @JohnGrisham: Thank you readers &amp; booksellers! I wrote A TIME TO KILL 30 years ago with no illusions of bestsellerdom. Even now, I'm sti‚Ä¶"
2,7.99718E+17,Fri Nov 18 20:58:02 +0000 2016,JohnGrisham,TcKybx,"RT @JohnGrisham: In striking white, here's @HodderBooks' gorgeous edition of THE WHISTLER. So proud to say it's #1 in South Africa, Austral‚Ä¶"
2,7.99718E+17,Fri Nov 18 20:57:59 +0000 2016,JohnGrisham,librarian_nkem,RT @lrwlibrary: #didyouknow it was a book first? Yessir! @JohnGrisham wrote a funny tale about a family who wants to skip out on the holida‚Ä¶
2,7.99715E+17,Fri Nov 18 20:43:14 +0000 2016,JohnGrisham,jean_maye,"RT @JohnGrisham: In striking white, here's @HodderBooks' gorgeous edition of THE WHISTLER. So proud to say it's #1 in South Africa, Austral‚Ä¶"
2,7.99713E+17,Fri Nov 18 20:36:08 +0000 2016,JohnGrisham,AngelaMortimer2,RT @roylmurry425: &gt; @JohnGrisham‚Äôs The Confession #Bookreview https://t.co/S24JnWhZMd https://t.co/y6nUjMd3cr
2,7.99712E+17,Fri Nov 18 20:32:31 +0000 2016,JohnGrisham,cherrymischivus,RT @roylmurry425: &gt; @JohnGrisham‚Äôs The Confession #Bookreview https://t.co/S24JnWhZMd https://t.co/y6nUjMd3cr
2,7.99712E+17,Fri Nov 18 20:31:11 +0000 2016,JohnGrisham,roylmurry425,&gt; @JohnGrisham‚Äôs The Confession #Bookreview https://t.co/S24JnWhZMd https://t.co/y6nUjMd3cr
2,7.99704E+17,Fri Nov 18 20:01:36 +0000 2016,JohnGrisham,lrwlibrary,#didyouknow it was a book first? Yessir! @JohnGrisham wrote a funny tale about a family who wants to skip out on th‚Ä¶ https://t.co/at3Tlm4uey
4,7.99699E+17,Fri Nov 18 19:42:49 +0000 2016,JohnGrisham,guywoodward1959,@JohnGrisham @HodderBooks brilliant book. Been away from JG for a while. Glad to be back
4,7.99698E+17,Fri Nov 18 19:36:54 +0000 2016,JohnGrisham,BibliophileBC,@JayD1313 @JohnGrisham @HodderBooks I think I'm going to buy it tomorrow!
4,7.99695E+17,Fri Nov 18 19:24:15 +0000 2016,JohnGrisham,JayD1313,@JohnGrisham @BibliophileBC @HodderBooks reading this one at the moment. Enjoying it so far.
2,7.99677E+17,Fri Nov 18 18:13:42 +0000 2016,JohnGrisham,favre0221,"RT @JohnGrisham: In striking white, here's @HodderBooks' gorgeous edition of THE WHISTLER. So proud to say it's #1 in South Africa, Austral‚Ä¶"
2,7.99677E+17,Fri Nov 18 18:12:27 +0000 2016,JohnGrisham,kalpitm,"RT @JohnGrisham: In striking white, here's @HodderBooks' gorgeous edition of THE WHISTLER. So proud to say it's #1 in South Africa, Austral‚Ä¶"
2,7.99675E+17,Fri Nov 18 18:04:10 +0000 2016,JohnGrisham,davidzinn54,"RT @JohnGrisham: In striking white, here's @HodderBooks' gorgeous edition of THE WHISTLER. So proud to say it's #1 in South Africa, Austral‚Ä¶"
2,7.99672E+17,Fri Nov 18 17:53:43 +0000 2016,JohnGrisham,BC411_,"RT @JohnGrisham: In striking white, here's @HodderBooks' gorgeous edition of THE WHISTLER. So proud to say it's #1 in South Africa, Austral‚Ä¶"
2,7.99672E+17,Fri Nov 18 17:53:43 +0000 2016,JohnGrisham,BC411_,"RT @JohnGrisham: In striking white, here's @HodderBooks' gorgeous edition of THE WHISTLER. So proud to say it's #1 in South Africa, Austral‚Ä¶"
2,7.9967E+17,Fri Nov 18 17:47:07 +0000 2016,JohnGrisham,roylmurry425,"RT¬†¬†@JohnGrisham‚Äôs The
Confession #Bookreview https://t.co/S24JnWhZMd https://t.co/wcLDxZucvS"
2,7.99667E+17,Fri Nov 18 17:35:24 +0000 2016,JohnGrisham,BNWalpoleMall,"RT @JohnGrisham: In striking white, here's @HodderBooks' gorgeous edition of THE WHISTLER. So proud to say it's #1 in South Africa, Austral‚Ä¶"
2,7.99664E+17,Fri Nov 18 17:21:27 +0000 2016,JohnGrisham,manuelg21,"RT @JohnGrisham: In striking white, here's @HodderBooks' gorgeous edition of THE WHISTLER. So proud to say it's #1 in South Africa, Austral‚Ä¶"
4,7.99661E+17,Fri Nov 18 17:11:53 +0000 2016,JohnGrisham,MAYDAYLUH,@JohnGrisham @HodderBooks read it last week. LOVED IT!!
2,7.99661E+17,Fri Nov 18 17:11:00 +0000 2016,JohnGrisham,fmtimberlake,"RT @JohnGrisham: In striking white, here's @HodderBooks' gorgeous edition of THE WHISTLER. So proud to say it's #1 in South Africa, Austral‚Ä¶"
4,7.99657E+17,Fri Nov 18 16:53:57 +0000 2016,JohnGrisham,Tkamal147,"@JohnGrisham @HodderBooks  just read it, captivating book"
4,7.99655E+17,Fri Nov 18 16:44:53 +0000 2016,JohnGrisham,LoveForKeith67,@JohnGrisham @HodderBooks congrats!
4,7.99654E+17,Fri Nov 18 16:42:01 +0000 2016,JohnGrisham,Benefry,".@JohnGrisham-""Rogue Lawyer-Justice, a Human Right #thriller  #mystery #bookreview https://t.co/dd2qDlskmd"
2,7.99653E+17,Fri Nov 18 16:37:49 +0000 2016,JohnGrisham,Marablaise,"RT @JohnGrisham: In striking white, here's @HodderBooks' gorgeous edition of THE WHISTLER. So proud to say it's #1 in South Africa, Austral‚Ä¶"
4,7.99653E+17,Fri Nov 18 16:37:01 +0000 2016,JohnGrisham,marinaaterry,"@JohnGrisham @HodderBooks Read it, LOVED it!! Thank you. HUGE fan!"
2,7.99651E+17,Fri Nov 18 16:30:39 +0000 2016,JohnGrisham,davidskryp,fantastic @JohnGrisham https://t.co/4AysMavFvN
4,7.99651E+17,Fri Nov 18 16:30:06 +0000 2016,JohnGrisham,marymcclelland_,@drshowThis was a wonderful show! Loved hearing @JohnGrisham's thoughts about elected judges &amp; discussion. Thanks.
4,7.9965E+17,Fri Nov 18 16:25:12 +0000 2016,JohnGrisham,FindWendyWitt,Congratulations @JohnGrisham @HodderBooks  - I'm happy for you! #ReadMore
2,7.99648E+17,Fri Nov 18 16:18:03 +0000 2016,JohnGrisham,BibliophileBC,"RT @JohnGrisham: In striking white, here's @HodderBooks' gorgeous edition of THE WHISTLER. So proud to say it's #1 in South Africa, Austral‚Ä¶"
2,7.99648E+17,Fri Nov 18 16:18:03 +0000 2016,JohnGrisham,BibliophileBC,"RT @JohnGrisham: In striking white, here's @HodderBooks' gorgeous edition of THE WHISTLER. So proud to say it's #1 in South Africa, Austral‚Ä¶"
4,7.99643E+17,Fri Nov 18 15:58:52 +0000 2016,JohnGrisham,Carito_BBG,Thank you sooooo much @JohnGrisham !!!!!! This is awesome!!!! ‚ù§‚ù§‚ù§‚ù§‚ù§‚ù§‚ù§‚ù§‚ù§‚ù§‚ù§‚ù§‚ù§‚ù§ #johngrisham #happy‚Ä¶ https://t.co/U6i4OJucpf
4,7.99641E+17,Fri Nov 18 15:51:25 +0000 2016,JohnGrisham,Flatironbooks,RT @ALBooksmith: What are your #FridayReads? @se4realhinton @mfrost11 @JohnGrisham @littlebrown @penguinusa @Flatironbooks @doubledaybooks‚Ä¶
4,7.99641E+17,Fri Nov 18 15:50:41 +0000 2016,JohnGrisham,harveyjulianne,I love starting a weekend with a new @JohnGrisham! @doubledaybooks #amreading #fridayreads https://t.co/G4O5LGFSQN
2,7.99639E+17,Fri Nov 18 15:43:01 +0000 2016,JohnGrisham,trimboli_202,@goodreads @JohnGrisham https://t.co/9amGSvC2RI
4,7.99636E+17,Fri Nov 18 15:30:02 +0000 2016,JohnGrisham,ALBooksmith,What are your #FridayReads? @se4realhinton @mfrost11 @JohnGrisham @littlebrown @penguinusa @Flatironbooks‚Ä¶ https://t.co/pucNYOAz5j
0,7.99633E+17,Fri Nov 18 15:20:52 +0000 2016,JohnGrisham,Julia_Rochelle,"@JohnGrisham follows my @Instagram feed. Shouldn't you too? (I know, he's probably been hacked, but whatevs.) https://t.co/L7D1c6AW4T"
2,7.99629E+17,Fri Nov 18 15:01:09 +0000 2016,JohnGrisham,RealGeorgeBluth,RT @JohnGrisham: It was beautiful out there today - perfect for reading! https://t.co/PstK1grnIs
4,7.99618E+17,Fri Nov 18 14:18:44 +0000 2016,JohnGrisham,judyweiland1,"Diane, You are such a treasure!! I will check out your weekly podcast. I will miss you so much. Thank you
@drshow @JohnGrisham"
2,7.99611E+17,Fri Nov 18 13:52:02 +0000 2016,JohnGrisham,ceesvanr,"Lezen en recenseren: De klokkenluider' van @JohnGrisham , @awbruna op https://t.co/Bp3BnrH1U1 https://t.co/7jrAIzj6WT"
2,7.99608E+17,Fri Nov 18 13:38:43 +0000 2016,JohnGrisham,singhkavish,It is gripping @JohnGrisham #RogueLawyer like most of your works but a little more #filmy (inspired by movies)
0,7.99606E+17,Fri Nov 18 13:32:31 +0000 2016,JohnGrisham,Beckybim,@Mammamoonmin1 A losing battle. @JohnGrisham
4,7.99603E+17,Fri Nov 18 13:19:17 +0000 2016,JohnGrisham,PatFurstenberg,RT @Benefry: .@JohnGrisham-‚ÄúTheodore Boone: The Scandal‚Äù-Cheaters Beware #ChildrenBook #mystery https://t.co/wrQ0jP6neN https://t.co/SSUIl3‚Ä¶
4,7.99602E+17,Fri Nov 18 13:16:43 +0000 2016,JohnGrisham,Mammamoonmin1,@Beckybim well @JohnGrisham isn't going to run out of materials and ideas any time soon https://t.co/I9je8xwX9r
4,7.99557E+17,Fri Nov 18 10:18:03 +0000 2016,JohnGrisham,TomWarderGB,@JohnGrisham Just finished Rogue Lawyer.  Gripped by the character of Rudd. Love your stuff man.
4,7.99557E+17,Fri Nov 18 10:18:03 +0000 2016,JohnGrisham,TomWarderGB,@JohnGrisham Just finished Rogue Lawyer.  Gripped by the character of Rudd. Love your stuff man.
4,7.99543E+17,Fri Nov 18 09:21:48 +0000 2016,JohnGrisham,highlander_the,"RT @JohnGrisham: Always, each and every time, good to chat with Diane Rehm &gt; https://t.co/WG202ZYpQm https://t.co/xbe0gCQo7I"
2,7.99534E+17,Fri Nov 18 08:47:05 +0000 2016,JohnGrisham,roylmurry425,"RT¬†¬†@JohnGrisham‚Äôs The
Confession #Bookreview https://t.co/S24JnWhZMd https://t.co/eZiorbcYOY"
4,7.99497E+17,Fri Nov 18 06:17:48 +0000 2016,JohnGrisham,daveprior81,A 'like' and a follow from @JohnGrisham on instagram....cheers for that. And just finished 'Rogue Lawyer'. One of your best. Great book!
4,7.99491E+17,Fri Nov 18 05:54:02 +0000 2016,JohnGrisham,TheRealDenka,"H√•ller p√• att l√§ser ""Den Samvetsl√∂se"" av John Grisham. Fantastisk skriven bok hittills! @JohnGrisham #Grishamn #Author"
4,7.99459E+17,Fri Nov 18 03:46:35 +0000 2016,JohnGrisham,thatsimplemae,"RT @JohnGrisham: Always, each and every time, good to chat with Diane Rehm &gt; https://t.co/WG202ZYpQm https://t.co/xbe0gCQo7I"
4,7.99456E+17,Fri Nov 18 03:34:59 +0000 2016,JohnGrisham,Devil_TAB,"RT @JohnGrisham: Always, each and every time, good to chat with Diane Rehm &gt; https://t.co/WG202ZYpQm https://t.co/xbe0gCQo7I"
4,7.9944E+17,Fri Nov 18 02:31:01 +0000 2016,JohnGrisham,ibdoug88,@Brooks_Taylor The Whistler by @JohnGrisham. First book I ever willingly  read was a Grisham novel I received in care pkg while deployed
2,7.99436E+17,Fri Nov 18 02:14:12 +0000 2016,JohnGrisham,BNMoorestown,Need something new to read? Check out our Must-Reads table! @BNBuzz @MelanieBen @RebeccaSkloot @billbrysonn‚Ä¶ https://t.co/iexoKn9GF0
4,7.99405E+17,Fri Nov 18 00:13:39 +0000 2016,JohnGrisham,DeanKB37,Absolute cracking read @JohnGrisham #thewhistler
4,7.99401E+17,Thu Nov 17 23:58:49 +0000 2016,JohnGrisham,FinerDavid,Starting @JohnGrisham's #WitnessToATrial and then on to #TheWhistler. Very excited to read these...
2,7.994E+17,Thu Nov 17 23:51:11 +0000 2016,JohnGrisham,Paixaoporlivros,"@editorarocco
@JohnGrisham
 
John Grisham, mestre dos thrillers de tribunal, est√° de volta com ""O Advogado... https://t.co/K6mswKDNuy"
2,7.99398E+17,Thu Nov 17 23:47:05 +0000 2016,JohnGrisham,roylmurry425,"RT¬†¬†@JohnGrisham‚Äôs The
Confession #Bookreview https://t.co/S24JnWhZMd https://t.co/7KPTcttKC0"
4,7.99387E+17,Thu Nov 17 23:00:52 +0000 2016,JohnGrisham,Gruffsparty90H,Getting lost in #graymountain @JohnGrisham and enjoying every turn
2,7.99384E+17,Thu Nov 17 22:50:05 +0000 2016,JohnGrisham,Kathleanore,RT @toddfoxauthor: #ThursdayThoughts #IARTG #amwriting @jnels0n55 @KMWeiland @bradmeltzer @JAJance @RichOnOWN @Kelsye @JohnGrisham @DrGilda‚Ä¶
2,7.99384E+17,Thu Nov 17 22:50:05 +0000 2016,JohnGrisham,Kathleanore,RT @toddfoxauthor: #ThursdayThoughts #IARTG #amwriting @jnels0n55 @KMWeiland @bradmeltzer @JAJance @RichOnOWN @Kelsye @JohnGrisham @DrGilda‚Ä¶
2,7.99384E+17,Thu Nov 17 22:48:56 +0000 2016,JohnGrisham,TheRomanceVault,RT @toddfoxauthor: #ThursdayThoughts #IARTG #amwriting @jnels0n55 @KMWeiland @bradmeltzer @JAJance @RichOnOWN @Kelsye @JohnGrisham @DrGilda‚Ä¶
2,7.99384E+17,Thu Nov 17 22:48:46 +0000 2016,JohnGrisham,LLollygagger,RT @toddfoxauthor: #ThursdayThoughts #IARTG #amwriting @jnels0n55 @KMWeiland @bradmeltzer @JAJance @RichOnOWN @Kelsye @JohnGrisham @DrGilda‚Ä¶
2,7.99384E+17,Thu Nov 17 22:48:24 +0000 2016,JohnGrisham,KMWeiland,RT @toddfoxauthor: #ThursdayThoughts #IARTG #amwriting @jnels0n55 @KMWeiland @bradmeltzer @JAJance @RichOnOWN @Kelsye @JohnGrisham @DrGilda‚Ä¶
4,7.99355E+17,Thu Nov 17 20:55:44 +0000 2016,JohnGrisham,arrowheadatmc,"RT @JohnGrisham: Always, each and every time, good to chat with Diane Rehm &gt; https://t.co/WG202ZYpQm https://t.co/xbe0gCQo7I"
4,7.99349E+17,Thu Nov 17 20:31:23 +0000 2016,JohnGrisham,TamWhatley,"@JohnGrisham #TheWhistler was like chocolate cookies, I kept reading (eating) and wanted more. #CouldNotPutDown"
4,7.99335E+17,Thu Nov 17 19:34:03 +0000 2016,JohnGrisham,diana23durga,"RT @JohnGrisham: Always, each and every time, good to chat with Diane Rehm &gt; https://t.co/WG202ZYpQm https://t.co/xbe0gCQo7I"
4,7.9933E+17,Thu Nov 17 19:13:19 +0000 2016,JohnGrisham,BudWinkle,"RT @JohnGrisham: Always, each and every time, good to chat with Diane Rehm &gt; https://t.co/WG202ZYpQm https://t.co/xbe0gCQo7I"
4,7.99329E+17,Thu Nov 17 19:11:52 +0000 2016,JohnGrisham,RowlandARoberts,"RT @JohnGrisham: Always, each and every time, good to chat with Diane Rehm &gt; https://t.co/WG202ZYpQm https://t.co/xbe0gCQo7I"
2,7.99327E+17,Thu Nov 17 19:01:53 +0000 2016,JohnGrisham,TheGernertCo,ICYMI: @JohnGrisham was on the @drshow this morning! https://t.co/Y44i8JEvUj
4,7.99323E+17,Thu Nov 17 18:47:29 +0000 2016,JohnGrisham,LandisWeaver,"@JohnGrisham heard the show and loved it. Understand why you don't want to engage in political discussion now, but hope you will as needed"
4,7.99322E+17,Thu Nov 17 18:43:25 +0000 2016,JohnGrisham,brudbrudbrud,.@JohnGrisham can sure spin a yarn that makes an idealistic law student's head unravel.
4,7.99321E+17,Thu Nov 17 18:39:10 +0000 2016,JohnGrisham,RickyChappuis,"RT @JohnGrisham: Always, each and every time, good to chat with Diane Rehm &gt; https://t.co/WG202ZYpQm https://t.co/xbe0gCQo7I"
4,7.99321E+17,Thu Nov 17 18:37:26 +0000 2016,JohnGrisham,ektorin1977,"RT @JohnGrisham: Always, each and every time, good to chat with Diane Rehm &gt; https://t.co/WG202ZYpQm https://t.co/xbe0gCQo7I"
4,7.9932E+17,Thu Nov 17 18:35:10 +0000 2016,JohnGrisham,bevmorang,"RT @JohnGrisham: Always, each and every time, good to chat with Diane Rehm &gt; https://t.co/WG202ZYpQm https://t.co/xbe0gCQo7I"
4,7.9932E+17,Thu Nov 17 18:35:10 +0000 2016,JohnGrisham,bevmorang,"RT @JohnGrisham: Always, each and every time, good to chat with Diane Rehm &gt; https://t.co/WG202ZYpQm https://t.co/xbe0gCQo7I"
4,7.99319E+17,Thu Nov 17 18:33:08 +0000 2016,JohnGrisham,EmyrGThomas,@JohnGrisham - l'll have to book another holiday so that I can read this one! #andrelax
4,7.99318E+17,Thu Nov 17 18:25:37 +0000 2016,JohnGrisham,JanetBHH21,@JohnGrisham  I am reading your book the The Firm right now. I love the setting of the story and Mitch as a character! #honeybearsread
2,7.99309E+17,Thu Nov 17 17:50:42 +0000 2016,JohnGrisham,suspensethrill,RT @LettyPB: I just entered @suspensethrill 's #giveaway for a copy of The Whistler by @JohnGrisham from @doubledaybooks ! https://t.co/5Nk‚Ä¶
2,7.99308E+17,Thu Nov 17 17:47:50 +0000 2016,JohnGrisham,LettyPB,I just entered @suspensethrill 's #giveaway for a copy of The Whistler by @JohnGrisham from @doubledaybooks ! https://t.co/5NkjMmYtmU
4,7.99305E+17,Thu Nov 17 17:34:41 +0000 2016,JohnGrisham,5039megan,@drshow @JohnGrisham Diane Rehm you are beautiful and you will be sorely missed. #NationalTreasure
4,7.99304E+17,Thu Nov 17 17:33:28 +0000 2016,JohnGrisham,LateonsetADD,"@JohnGrisham You've certainly earned a lot of respect here, Vinyl"
2,7.99304E+17,Thu Nov 17 17:31:51 +0000 2016,JohnGrisham,LateonsetADD,"@JohnGrisham Didn't get in on Diane this a.m.Wanted to recommend a book by Shirley Abbott,The Bookmaker's Daughter. https://t.co/nxJxtoin0c"
4,7.99302E+17,Thu Nov 17 17:23:33 +0000 2016,JohnGrisham,ebonyandivry,@drshow @JohnGrisham What a great interview. Wouldn't have missed it. #readagoodbook
2,7.99301E+17,Thu Nov 17 17:18:55 +0000 2016,JohnGrisham,wamu885,RT @drshow: Diane &amp; author @JohnGrisham after @drshow https://t.co/SbgULbTcLT
2,7.993E+17,Thu Nov 17 17:15:42 +0000 2016,JohnGrisham,drshow,Diane &amp; author @JohnGrisham after @drshow https://t.co/SbgULbTcLT
2,7.99299E+17,Thu Nov 17 17:12:08 +0000 2016,JohnGrisham,LandisWeaver,Wall Street banks profitting from private prisons. @JohnGrisham this wd be perfect for you. And if you wrote it goo‚Ä¶ https://t.co/yfdtjtJiQQ
4,7.99298E+17,Thu Nov 17 17:08:07 +0000 2016,JohnGrisham,hannah4peace2,@JohnGrisham he lives in Florence Or.  Really an expert.
0,7.99298E+17,Thu Nov 17 17:06:20 +0000 2016,JohnGrisham,hannah4peace2,@JohnGrisham if you decide to include private prisons in a book get in touch with Frank Smith who has fought them and is a book in himself
4,7.99296E+17,Thu Nov 17 17:00:00 +0000 2016,JohnGrisham,swexler008,A very cool @JohnGrisham on #DianeRehm @NPR critiquing campaign financing and privatization of prisons. The progressive southerner exists.
4,7.99296E+17,Thu Nov 17 17:00:00 +0000 2016,JohnGrisham,swexler008,A very cool @JohnGrisham on #DianeRehm @NPR critiquing campaign financing and privatization of prisons. The progressive southerner exists.
4,7.99296E+17,Thu Nov 17 16:59:49 +0000 2016,JohnGrisham,Informativethug,"@JohnGrisham great show with DR! Would love to see ""The Broker"" as a film!"
4,7.99294E+17,Thu Nov 17 16:50:35 +0000 2016,JohnGrisham,PatriotsOfMars,RT @mocando: Great interview with @JohnGrisham on @drshow right now. #writers
4,7.99292E+17,Thu Nov 17 16:45:51 +0000 2016,JohnGrisham,steph_ainbinder,"@drshow @JohnGrisham Also, representation of lawyers is everywhere, not same with Native ppl. What're his thoughts about this?"
4,7.99292E+17,Thu Nov 17 16:45:33 +0000 2016,JohnGrisham,LisaZDunn,"""The #ElectoralCollege is outdated and serves no useful purpose. It should be abolished."" -- Author @JohnGrisham @drshow"
4,7.99292E+17,Thu Nov 17 16:45:11 +0000 2016,JohnGrisham,steph_ainbinder,@drshow @JohnGrisham Explanation that new book has no racism because he also has lawyer etc villains doesn't fly. Chosen Job v identity
0,7.99292E+17,Thu Nov 17 16:44:14 +0000 2016,JohnGrisham,VinylDlux,"@drshow @JohnGrisham I think your answer about politics was ridiculous and makes you look phony, afraid to stick neck out?"
0,7.99291E+17,Thu Nov 17 16:40:03 +0000 2016,JohnGrisham,MHB2012,"@drshow Diane asks @JohnGrisham ""How much money do you have, what have you done with your money""? HUH? When is Diane leaving? NOT TO SOON!"
0,7.99291E+17,Thu Nov 17 16:39:58 +0000 2016,JohnGrisham,renwoman13,@JohnGrisham being interviewed by @drshow seriously?  No opinion on the election?  As a lifetime fan... #Disapointed
0,7.99291E+17,Thu Nov 17 16:38:15 +0000 2016,JohnGrisham,VinylDlux,"@JohnGrisham Hearing you on Diane Rehms refusing to discuss politics, what a phony you are with that southern gentile BS, no respect for you"
4,7.99291E+17,Thu Nov 17 16:38:11 +0000 2016,JohnGrisham,Marti_Jackson,@JohnGrisham. #classact on @NPR this morning
0,7.9929E+17,Thu Nov 17 16:37:36 +0000 2016,JohnGrisham,IleanaDU,@drshow @JohnGrisham Surely didn't mean to say *US* Supreme Court Justices accept campaign contributions.
2,7.9929E+17,Thu Nov 17 16:36:43 +0000 2016,JohnGrisham,TalkOnPointe,"""I'm just sick of it!"" @JohnGrisham on politics and the election. He's on @drshow now."
0,7.9929E+17,Thu Nov 17 16:36:12 +0000 2016,JohnGrisham,msirismg,"That made @JohnGrisham cringe a little, asking about his finances and politics @drshow"
0,7.9929E+17,Thu Nov 17 16:35:26 +0000 2016,JohnGrisham,Guizot,"@drshow @JohnGrisham Happen to be reading TTK now. Some moral ambiguity in characters, but any thoughts about vigilantism at core of book?"
0,7.9929E+17,Thu Nov 17 16:35:26 +0000 2016,JohnGrisham,Guizot,"@drshow @JohnGrisham Happen to be reading TTK now. Some moral ambiguity in characters, but any thoughts about vigilantism at core of book?"
0,7.99289E+17,Thu Nov 17 16:33:55 +0000 2016,JohnGrisham,keristars,"So anyway, thanks @drshow - I'm never going to read a @JohnGrisham book or watch a film based on his books again. He's awful."
4,7.99289E+17,Thu Nov 17 16:32:29 +0000 2016,JohnGrisham,mocando,Great interview with @JohnGrisham on @drshow right now. #writers
2,7.99289E+17,Thu Nov 17 16:31:28 +0000 2016,JohnGrisham,LisaZDunn,"@JohnGrisham @drshow ""In abt 30 states we elect judges,which is a terrible idea- they rule on cases that involve people who gave them money"""
0,7.99289E+17,Thu Nov 17 16:30:41 +0000 2016,JohnGrisham,erynwisegamgee,".@JohnGrisham we are ""touchy"" bc people like u continue to fictionalize our existence. Don't pretend to know what u don't. #DianeRehm"
4,7.99289E+17,Thu Nov 17 16:30:37 +0000 2016,JohnGrisham,msirismg,"RT @LisaZDunn: @JohnGrisham @drshow on 1st book he published,""A Time to Kill""- ""I had never written anything before but I became obsessed w‚Ä¶"
4,7.99288E+17,Thu Nov 17 16:26:54 +0000 2016,JohnGrisham,ivywriter,"Listening to @npr interview w/ @JohnGrisham, can't wait to read this new book: The Whistler https://t.co/rQH0LG0dMW"
0,7.99287E+17,Thu Nov 17 16:25:28 +0000 2016,JohnGrisham,IleanaDU,@drshow @JohnGrisham Have you ever written for a female main character before this? Do you have a daughter? Was it easy to find her voice?
2,7.99286E+17,Thu Nov 17 16:18:53 +0000 2016,JohnGrisham,apriltesterman,"@drshow Question for @JohnGrisham, what would you say inspires your writing the most?"
2,7.99285E+17,Thu Nov 17 16:18:00 +0000 2016,JohnGrisham,radamsWAPT,RT @drshow: Now: It's @JohnGrisham time. Have Qs? Tweet 'em in! https://t.co/bRDqbyAz1l
4,7.99285E+17,Thu Nov 17 16:17:15 +0000 2016,JohnGrisham,1401bonniek,"RT @LisaZDunn: @JohnGrisham @drshow on 1st book he published,""A Time to Kill""- ""I had never written anything before but I became obsessed w‚Ä¶"
4,7.99285E+17,Thu Nov 17 16:16:24 +0000 2016,JohnGrisham,drshow,"RT @LisaZDunn: @JohnGrisham @drshow on 1st book he published,""A Time to Kill""- ""I had never written anything before but I became obsessed w‚Ä¶"
4,7.99285E+17,Thu Nov 17 16:15:37 +0000 2016,JohnGrisham,LisaZDunn,"@JohnGrisham @drshow on 1st book he published,""A Time to Kill""- ""I had never written anything before but I became obsessed with a story"""
2,7.99284E+17,Thu Nov 17 16:13:22 +0000 2016,JohnGrisham,msirismg,RT @drshow: Now: It's @JohnGrisham time. Have Qs? Tweet 'em in! https://t.co/bRDqbyAz1l
2,7.99284E+17,Thu Nov 17 16:10:15 +0000 2016,JohnGrisham,wamu885,RT @drshow: Now: It's @JohnGrisham time. Have Qs? Tweet 'em in! https://t.co/bRDqbyAz1l
2,7.99284E+17,Thu Nov 17 16:10:15 +0000 2016,JohnGrisham,wamu885,RT @drshow: Now: It's @JohnGrisham time. Have Qs? Tweet 'em in! https://t.co/bRDqbyAz1l
2,7.99283E+17,Thu Nov 17 16:08:31 +0000 2016,JohnGrisham,drshow,Now: It's @JohnGrisham time. Have Qs? Tweet 'em in! https://t.co/bRDqbyAz1l
0,7.99282E+17,Thu Nov 17 16:04:25 +0000 2016,JohnGrisham,laeleh,@drshow Been a long time fan of @JohnGrisham but am disappointed in new book blatant misrep of Native American gaming industry.
2,7.99277E+17,Thu Nov 17 15:45:55 +0000 2016,JohnGrisham,wamu885,"RT @LisaZDunn: NEXT @drshow: Diane talks w/bestselling author @JohnGrisham about his new novel, ""The Whistler"" #fiction https://t.co/gBgOoO‚Ä¶"
2,7.99276E+17,Thu Nov 17 15:41:18 +0000 2016,JohnGrisham,LisaZDunn,"NEXT @drshow: Diane talks w/bestselling author @JohnGrisham about his new novel, ""The Whistler"" #fiction https://t.co/gBgOoO1Nay"
2,7.99263E+17,Thu Nov 17 14:48:48 +0000 2016,JohnGrisham,ajaygolmamalgob,"RT @roylmurry425: RT¬†¬†@JohnGrisham‚Äôs The
Confession #Bookreview https://t.co/S24JnW0onD https://t.co/qkVZUqa6hq"
2,7.99263E+17,Thu Nov 17 14:47:53 +0000 2016,JohnGrisham,patrickarrelle,"RT @roylmurry425: RT¬†¬†@JohnGrisham‚Äôs The
Confession #Bookreview https://t.co/S24JnW0onD https://t.co/qkVZUqa6hq"
2,7.99263E+17,Thu Nov 17 14:47:06 +0000 2016,JohnGrisham,roylmurry425,"RT¬†¬†@JohnGrisham‚Äôs The
Confession #Bookreview https://t.co/S24JnW0onD https://t.co/qkVZUqa6hq"
2,7.99262E+17,Thu Nov 17 14:45:01 +0000 2016,JohnGrisham,wfyi,"Today on @drshow, Diane and guests look at the Trump transition and who's in the running for top positions. Plus, a‚Ä¶ https://t.co/hEKotzjdGE"
2,7.99253E+17,Thu Nov 17 14:09:24 +0000 2016,JohnGrisham,GardCityMichLib,Don't miss the @JohnGrisham interview on @drshow today at 11! https://t.co/wVTasyo0rJ
0,7.99249E+17,Thu Nov 17 13:54:36 +0000 2016,JohnGrisham,RoyalGroupVisas,"RT @drshow: Happy Thursday! On tap: Trump‚Äôs turbulent transition &amp; who's in the running for his cabinet. Then: @JohnGrisham! 
üìª: https://t.‚Ä¶"
0,7.99248E+17,Thu Nov 17 13:48:23 +0000 2016,JohnGrisham,wamu885,"RT @drshow: Happy Thursday! On tap: Trump‚Äôs turbulent transition &amp; who's in the running for his cabinet. Then: @JohnGrisham! 
üìª: https://t.‚Ä¶"
0,7.99247E+17,Thu Nov 17 13:45:59 +0000 2016,JohnGrisham,drshow,"Happy Thursday! On tap: Trump‚Äôs turbulent transition &amp; who's in the running for his cabinet. Then: @JohnGrisham! 
üìª: https://t.co/3g7fyKaBFW"
2,7.99239E+17,Thu Nov 17 13:14:22 +0000 2016,JohnGrisham,labelle_sarah,Playing for Pizza @JohnGrisham @Browns https://t.co/6VvTsypG9w
2,7.99236E+17,Thu Nov 17 13:01:07 +0000 2016,JohnGrisham,toddfoxauthor,#ThursdayThoughts #IARTG #amwriting @jnels0n55 @KMWeiland @bradmeltzer @JAJance @RichOnOWN @Kelsye @JohnGrisham‚Ä¶ https://t.co/Ziw5UAAvAq
2,7.99236E+17,Thu Nov 17 13:01:07 +0000 2016,JohnGrisham,toddfoxauthor,#ThursdayThoughts #IARTG #amwriting @jnels0n55 @KMWeiland @bradmeltzer @JAJance @RichOnOWN @Kelsye @JohnGrisham‚Ä¶ https://t.co/Ziw5UAAvAq
4,7.99234E+17,Thu Nov 17 12:52:48 +0000 2016,JohnGrisham,MichaelHWood,"Been writing since 4am. I think I'll finish for the day and spend the afternoon with coffee‚òïÔ∏è, cookiesüç™ and #TheWhistler by @JohnGrisham üìö üòÉ"
2,7.99234E+17,Thu Nov 17 12:52:29 +0000 2016,JohnGrisham,BiGJRcWLz1t4QFB,RT @roylmurry425: &gt; @JohnGrisham‚Äôs The Confession #Bookreview https://t.co/S24JnWhZMd https://t.co/cBFPNV3AKu
2,7.99233E+17,Thu Nov 17 12:48:12 +0000 2016,JohnGrisham,roylmurry425,&gt; @JohnGrisham‚Äôs The Confession #Bookreview https://t.co/S24JnWhZMd https://t.co/cBFPNV3AKu
4,7.99227E+17,Thu Nov 17 12:27:28 +0000 2016,JohnGrisham,adventurewmike,"RT @bobbyongkh: Guess what arrived in the mail today? Yippee! 
New #Thriller book to read from my fav author @JohnGrisham 
#lovereading #bo‚Ä¶"
4,7.99225E+17,Thu Nov 17 12:19:18 +0000 2016,JohnGrisham,bobbyongkh,"Guess what arrived in the mail today? Yippee! 
New #Thriller book to read from my fav author @JohnGrisham‚Ä¶ https://t.co/wUV8gwMbGm"
4,7.99214E+17,Thu Nov 17 11:35:50 +0000 2016,JohnGrisham,SofiaBaghdadi,@JohnGrisham I finally got it #RogueLawyer ! Am excited to read a book by the outstanding law thriller author! https://t.co/VswfCdc4Wn
4,7.99197E+17,Thu Nov 17 10:25:19 +0000 2016,JohnGrisham,KnightsSun,When an absolute legend starts following you üòäüòÆ thanks so much @JohnGrisham. You've made my‚Ä¶ https://t.co/u4HVXmSsvE
4,7.99186E+17,Thu Nov 17 09:40:59 +0000 2016,JohnGrisham,RaphaelMsagha,That rage I felt when reading A Time to Kill by @JohnGrisham.  only this time it's real and the ending is so sad.  https://t.co/zvwdl2jujT
4,7.99169E+17,Thu Nov 17 08:33:16 +0000 2016,JohnGrisham,Saulawa_,Anything @JohnGrisham is good. https://t.co/ZEq0ONsam4
4,7.99157E+17,Thu Nov 17 07:47:43 +0000 2016,JohnGrisham,fhinksleem96,#NowReading @JohnGrisham 's Street Lawyer
1,7.99145E+17,Thu Nov 17 06:59:50 +0000 2016,JohnGrisham,smuffie,"In today's weird news, American crime writer @JohnGrisham is now following me on Instagram....ü§î"
4,7.99145E+17,Thu Nov 17 06:59:00 +0000 2016,JohnGrisham,LionelZepeda54,@JohnGrisham just finished The Partner!! The ending had me sweating! Great book!
4,7.99136E+17,Thu Nov 17 06:24:06 +0000 2016,JohnGrisham,anahadoconnor,@mucha_carlos @JohnGrisham It's unreal. What a twist!
2,7.99134E+17,Thu Nov 17 06:14:34 +0000 2016,JohnGrisham,Litserendipity,RT @JohnGrisham: It was beautiful out there today - perfect for reading! https://t.co/PstK1grnIs
2,7.99134E+17,Thu Nov 17 06:14:34 +0000 2016,JohnGrisham,Litserendipity,RT @JohnGrisham: It was beautiful out there today - perfect for reading! https://t.co/PstK1grnIs
2,7.99128E+17,Thu Nov 17 05:53:33 +0000 2016,JohnGrisham,mucha_carlos,Yup or a @JohnGrisham novel. The twist that whistleblower's own grandfather George Shultz in league w/douchebags ho‚Ä¶ https://t.co/PJcBlV9bqM
2,7.99128E+17,Thu Nov 17 05:51:29 +0000 2016,JohnGrisham,adventurewmike,"RT @roylmurry425: RT¬†¬†@JohnGrisham‚Äôs The
Confession #Bookreview https://t.co/S24JnWhZMd https://t.co/mIXA3xXvI7"
2,7.99128E+17,Thu Nov 17 05:50:55 +0000 2016,JohnGrisham,myrddinsheir,"RT @roylmurry425: RT¬†¬†@JohnGrisham‚Äôs The
Confession #Bookreview https://t.co/S24JnWhZMd https://t.co/mIXA3xXvI7"
2,7.99127E+17,Thu Nov 17 05:47:04 +0000 2016,JohnGrisham,roylmurry425,"RT¬†¬†@JohnGrisham‚Äôs The
Confession #Bookreview https://t.co/S24JnWhZMd https://t.co/mIXA3xXvI7"
2,7.991E+17,Thu Nov 17 04:00:10 +0000 2016,JohnGrisham,jkrichey,RT @JohnGrisham: It was beautiful out there today - perfect for reading! https://t.co/PstK1grnIs
0,7.99094E+17,Thu Nov 17 03:35:37 +0000 2016,JohnGrisham,Stickman_Jaime,@JohnGrisham reading Grey Mountain. Horrified to learn strip mining is really happening Appalachia. #environment #Appalachia  #coal #mining
3,7.99089E+17,Thu Nov 17 03:16:08 +0000 2016,JohnGrisham,BismarckBritton,RT @JohnGrisham: This one combines a few of my interests into one of the more unusual titles in my catalog #namethatbook #johngrisham https‚Ä¶
2,7.99086E+17,Thu Nov 17 03:03:51 +0000 2016,JohnGrisham,danielcasta,#RecomiendaUnLibro atrapante @Lib_Nacional @JohnGrisham https://t.co/SwfUPMpH4f
0,7.99084E+17,Thu Nov 17 02:57:09 +0000 2016,JohnGrisham,DamienBruce1,@JohnGrisham I've just finished reading The Whistler. But it didn't say whether Junior Wace has been freed from prison or not. ??
4,7.99068E+17,Thu Nov 17 01:53:38 +0000 2016,JohnGrisham,MoedjariJulie,Horeeeeeeeeeeeeeee mimpi apa aku di follow John Grisham üôèüôèüôèüôè thank you mr. @JohnGrisham yeeeaaaa‚Ä¶ https://t.co/zfuxGPq7ZF
2,7.99061E+17,Thu Nov 17 01:26:52 +0000 2016,JohnGrisham,SamCookiie,RT @JohnGrisham: It was beautiful out there today - perfect for reading! https://t.co/PstK1grnIs
2,7.99034E+17,Wed Nov 16 23:38:16 +0000 2016,JohnGrisham,MrDaveHudson,"I got a job writing adult movie versions of @JohnGrisham novels. So far I have got: A Time to Jill, The Pelican Queef and The Firm."
2,7.99031E+17,Wed Nov 16 23:25:51 +0000 2016,JohnGrisham,kitpotter425,RT @JohnGrisham: It was beautiful out there today - perfect for reading! https://t.co/PstK1grnIs
2,7.9903E+17,Wed Nov 16 23:21:28 +0000 2016,JohnGrisham,dobrin_anca,RT @JohnGrisham: It was beautiful out there today - perfect for reading! https://t.co/PstK1grnIs
2,7.9903E+17,Wed Nov 16 23:21:28 +0000 2016,JohnGrisham,dobrin_anca,RT @JohnGrisham: It was beautiful out there today - perfect for reading! https://t.co/PstK1grnIs
4,7.99018E+17,Wed Nov 16 22:33:32 +0000 2016,JohnGrisham,ahmerkarimuddin,@JohnGrisham really enjoyed the book. thanks for feeding my addiction :)
2,7.99017E+17,Wed Nov 16 22:30:31 +0000 2016,JohnGrisham,BudWinkle,RT @JohnGrisham: It was beautiful out there today - perfect for reading! https://t.co/PstK1grnIs
2,7.99015E+17,Wed Nov 16 22:23:13 +0000 2016,JohnGrisham,InKatesWords,RT @JohnGrisham: It was beautiful out there today - perfect for reading! https://t.co/PstK1grnIs
2,7.99015E+17,Wed Nov 16 22:22:15 +0000 2016,JohnGrisham,dolahcenk,RT @JohnGrisham: It was beautiful out there today - perfect for reading! https://t.co/PstK1grnIs
2,7.99015E+17,Wed Nov 16 22:22:13 +0000 2016,JohnGrisham,dolahcenk,@JohnGrisham its the same here in Malaysia. Just bought Mountain Grey and JM Coetzee's Slow Man.
4,7.99015E+17,Wed Nov 16 22:21:42 +0000 2016,JohnGrisham,CumberbatchAnna,"@JohnGrisham Mr. Grisham, I love your work and how it draws me in as a reader. I would be honored if you would follow me. üòÉ"
4,7.99015E+17,Wed Nov 16 22:21:24 +0000 2016,JohnGrisham,shanksieblack,@JohnGrisham @JohnGrisham  thanks John for the happiness you have brought me reading your books looking forward to reading The Whistler
2,7.99014E+17,Wed Nov 16 22:18:05 +0000 2016,JohnGrisham,TheGernertCo,RT @JohnGrisham: It was beautiful out there today - perfect for reading! https://t.co/PstK1grnIs
2,7.99007E+17,Wed Nov 16 21:53:02 +0000 2016,JohnGrisham,Benefry,.@JohnGrisham-‚ÄúTheodore Boone: The Scandal‚Äù-Cheaters Beware #ChildrenBook #mystery https://t.co/wrQ0jP6neN https://t.co/SSUIl3zfO1
2,7.98992E+17,Wed Nov 16 20:51:46 +0000 2016,JohnGrisham,LoveForKeith67,@JohnGrisham Playing For Pizza
2,7.98991E+17,Wed Nov 16 20:47:06 +0000 2016,JohnGrisham,roylmurry425,"RT¬†¬†@JohnGrisham‚Äôs The
Confession #Bookreview https://t.co/S24JnWhZMd https://t.co/pi4hrAoo8I"
2,7.98984E+17,Wed Nov 16 20:20:14 +0000 2016,JohnGrisham,scottmilton1,@JohnGrisham I'm fighting #cancer Can you help? Please retweet this. https://t.co/caNyXOOZA8
2,7.98968E+17,Wed Nov 16 19:18:24 +0000 2016,JohnGrisham,E_mattice94,@JohnGrisham The Broker
2,7.98968E+17,Wed Nov 16 19:16:23 +0000 2016,JohnGrisham,doubledaybooks,RT @RashLaura: Now reading The Whistler by @JohnGrisham @doubledaybooks ‚ù§Ô∏èüìñüëçüèª https://t.co/mLT0lnaoRZ
2,7.98968E+17,Wed Nov 16 19:16:23 +0000 2016,JohnGrisham,doubledaybooks,RT @RashLaura: Now reading The Whistler by @JohnGrisham @doubledaybooks ‚ù§Ô∏èüìñüëçüèª https://t.co/mLT0lnaoRZ
2,7.98967E+17,Wed Nov 16 19:11:55 +0000 2016,JohnGrisham,Je_fowler77,@JohnGrisham Playing for PizzA
2,7.98966E+17,Wed Nov 16 19:08:10 +0000 2016,JohnGrisham,ericraddatz,@JohnGrisham Rainmaker?
4,7.98928E+17,Wed Nov 16 16:37:06 +0000 2016,JohnGrisham,Brilliant_Books,Our bestsellers this week in hardcover fiction from @JohnGrisham #FredrikBackman &amp; @jodipicoult‚Ä¶ https://t.co/Cxr4rJwofs
4,7.98922E+17,Wed Nov 16 16:14:27 +0000 2016,JohnGrisham,Gere_Cmnyts,A time to kill &amp; The Testament both by @JohnGrisham simply world class
4,7.98915E+17,Wed Nov 16 15:46:36 +0000 2016,JohnGrisham,mvumahesh,@JohnGrisham just began reading 'The Whistler' and it has me HOOKED! Thank you. https://t.co/fnnEwk5RHg
2,7.98888E+17,Wed Nov 16 13:56:37 +0000 2016,JohnGrisham,Books_R5,@MegustaleerCo @JohnGrisham Muchas graciaaaas üíûüíû
2,7.98887E+17,Wed Nov 16 13:55:12 +0000 2016,JohnGrisham,Books_R5,"RT @MegustaleerCo: ¬°Felicidades, @Books_R5, eres la ganadora de #UnAbogadoRebelde de @JohnGrisham en #UnLibroPorD√≠a-@Lib_Nacoinal de ayer!‚Ä¶"
2,7.98886E+17,Wed Nov 16 13:49:54 +0000 2016,JohnGrisham,MegustaleerCo,"¬°Felicidades, @Books_R5, eres la ganadora de #UnAbogadoRebelde de @JohnGrisham en #UnLibroPorD√≠a-@Lib_Nacoinal de a‚Ä¶ https://t.co/Y5OViDDE0f"
4,7.98872E+17,Wed Nov 16 12:56:21 +0000 2016,JohnGrisham,ToddDJohnson1,"Any suggestions for books/authors for JH age boy that likes crime, mysteries etc? Has read some u wrote @HarlanCoben @JohnGrisham @JP_Books"
4,7.9887E+17,Wed Nov 16 12:46:26 +0000 2016,JohnGrisham,RashLaura,Now reading The Whistler by @JohnGrisham @doubledaybooks ‚ù§Ô∏èüìñüëçüèª https://t.co/mLT0lnaoRZ
2,7.98855E+17,Wed Nov 16 11:47:07 +0000 2016,JohnGrisham,roylmurry425,"RT¬†¬†@JohnGrisham‚Äôs The
Confession #Bookreview https://t.co/S24JnW0onD https://t.co/FpyvLU7KOv"
4,7.9883E+17,Wed Nov 16 10:08:40 +0000 2016,JohnGrisham,Boanndistillery,@whiskeycraftie @JohnGrisham good spot - must give it a read !
2,7.9883E+17,Wed Nov 16 10:08:26 +0000 2016,JohnGrisham,Boanndistillery,"RT @whiskeycraftie: Is @JohnGrisham privy to inside information from @Boanndistillery ?.. or was there a little bribe involved, a bottle of‚Ä¶"
2,7.98757E+17,Wed Nov 16 05:18:45 +0000 2016,JohnGrisham,AmishRakeFight1,"@LouiseMensch @JohnGrisham 

https://t.co/V7qdSIUjBu"
2,7.98757E+17,Wed Nov 16 05:18:45 +0000 2016,JohnGrisham,AmishRakeFight1,"@LouiseMensch @JohnGrisham 

https://t.co/V7qdSIUjBu"
2,7.98742E+17,Wed Nov 16 04:17:14 +0000 2016,JohnGrisham,LouiseBagshawe,@dmbean1985  @JohnGrisham @AndrewScheidl @kerpen  no pro kremlin will be confirmed FISA warrant is out
2,7.9874E+17,Wed Nov 16 04:09:02 +0000 2016,JohnGrisham,LouiseMensch,RT @LouiseMensch: Remember the denouement of the Pelican Brief by @JohnGrisham? President forced to nominate a raving environmentalist #FIS‚Ä¶
4,7.9873E+17,Wed Nov 16 03:30:58 +0000 2016,JohnGrisham,mehal96,"RT @JohnGrisham: Thank you readers &amp; booksellers! I wrote A TIME TO KILL 30 years ago with no illusions of bestsellerdom. Even now, I'm sti‚Ä¶"
2,7.98727E+17,Wed Nov 16 03:18:41 +0000 2016,JohnGrisham,dmbean1985,@LouiseMensch @JohnGrisham @AndrewScheidl @kerpen Do you know something I don't know? Spill it sister!
2,7.98719E+17,Wed Nov 16 02:47:06 +0000 2016,JohnGrisham,roylmurry425,"RT¬†¬†@JohnGrisham‚Äôs The
Confession #Bookreview https://t.co/S24JnWhZMd https://t.co/N7a4RS5j0y"
0,7.98713E+17,Wed Nov 16 02:21:38 +0000 2016,JohnGrisham,HillaryKillsU,@LouiseMensch @JohnGrisham what a bunch of butt hurt clowns with their inbred nazi roots bubbling to the surface of their pale skin!
2,7.98712E+17,Wed Nov 16 02:20:22 +0000 2016,JohnGrisham,Shukezz,RT @LouiseMensch: Remember the denouement of the Pelican Brief by @JohnGrisham? President forced to nominate a raving environmentalist #FIS‚Ä¶
2,7.98712E+17,Wed Nov 16 02:19:59 +0000 2016,JohnGrisham,LouiseMensch,Remember the denouement of the Pelican Brief by @JohnGrisham? President forced to nominate a raving environmentalis‚Ä¶ https://t.co/RgC0yICxJw
4,7.98705E+17,Wed Nov 16 01:49:41 +0000 2016,JohnGrisham,jessicabfry,@splitpersona91 @JohnGrisham Oooh yes! More good ones!
4,7.98704E+17,Wed Nov 16 01:48:24 +0000 2016,JohnGrisham,splitpersona91,@jessicabfry @JohnGrisham I've also read Pelican brief and the firm- but always have a copy https://t.co/JrPKyIL6lo
4,7.98703E+17,Wed Nov 16 01:43:50 +0000 2016,JohnGrisham,jessicabfry,@splitpersona91 @JohnGrisham That is a good one. My first of his was Rainmaker.
4,7.98703E+17,Wed Nov 16 01:43:42 +0000 2016,JohnGrisham,KevinaOyatedor,RT @splitpersona91: #wattpadres I absolutely love @JohnGrisham He writes books about Law mostly some are movies- My favorite is the Broker‚Ä¶
4,7.98703E+17,Wed Nov 16 01:42:06 +0000 2016,JohnGrisham,splitpersona91,#wattpadres I absolutely love @JohnGrisham He writes books about Law mostly some are movies- My favorite is the Bro‚Ä¶ https://t.co/6fjIxA3J3K
2,7.98688E+17,Wed Nov 16 00:43:41 +0000 2016,JohnGrisham,alexmagnimus,"...del libro #InocentMan de @JohnGrisham 
...inevitable no pensar en @leopoldolopez  
""Inocente hasta comprobar su‚Ä¶ https://t.co/2lxthYujHm"
